region,country,item_type,sales_channel,order_priority,order_date,order_id,ship_date,units_sold,unit_price,unit_cost,total_revenue,total_cost,total_profit
Asia,Japan,Clothes,Online,M,19-09-2010,448247879,20-09-2010,8151,109.28,35.84,890741.28,292131.84,598609.44
North America,United States,Baby Food,Offline,L,21-10-2011,726269759,27-10-2011,599,255.28,159.42,152912.72,95492.58,57420.14
South America,Chile,Snacks,Offline,C,12-09-2017,558931502,22-09-2017,5749,152.58,97.44,877182.42,560182.56,316999.86
Africa,Nigeria,Office Supplies,Offline,H,21-03-2017,687137492,31-03-2017,157,651.21,524.96,102239.97,82418.72,19821.25
Asia,Japan,Cosmetics,Offline,H,25-10-2014,856561446,26-10-2014,5357,437.2,263.33,2342080.4,1410658.81,931421.59
South America,Argentina,Household,Online,C,18-08-2015,355807736,28-08-2015,8838,668.27,502.54,5906170.26,4441448.52,1464721.74
Australia and Oceania,Australia,Office Supplies,Offline,L,07-11-2013,831909830,15-11-2013,1400,651.21,524.96,911694,734944,176750
South America,Brazil,Beverages,Online,L,11-09-2016,156830800,17-09-2016,9643,47.45,31.79,457560.35,306550.97,151009.38
Australia and Oceania,Fiji,Clothes,Online,L,21-07-2012,249738944,27-07-2012,1659,109.28,35.84,181295.52,59458.56,121836.96
North America,Canada,Cosmetics,Online,M,08-04-2012,441309202,10-04-2012,8416,437.2,263.33,3679475.2,2216185.28,1463289.92
Australia and Oceania,New Zealand,Fruits,Offline,H,04-12-2014,251489050,06-12-2014,9057,9.33,6.92,84501.81,62674.44,21827.37
South America,Chile,Beverages,Offline,H,29-10-2014,111089650,02-11-2014,8955,47.45,31.79,424914.75,284679.45,140235.3
Europe,Germany,Snacks,Online,M,13-12-2014,121964162,15-12-2014,2434,152.58,97.44,371379.72,237168.96,134210.76
North America,United States,Cosmetics,Online,M,18-09-2016,118451677,24-09-2016,1711,437.2,263.33,748049.2,450557.63,297491.57
South America,Argentina,Cereal,Online,M,25-09-2016,452968855,05-10-2016,7949,205.7,117.11,1635109.3,930907.39,704201.91
Africa,Nigeria,Snacks,Online,H,28-03-2017,571714699,04-04-2017,6989,152.58,97.44,1066381.62,681008.16,385373.46
Europe,Germany,Household,Online,H,30-06-2010,927852317,01-07-2010,5310,668.27,502.54,3548513.7,2668487.4,880026.3
Asia,China,Beverages,Offline,M,14-02-2013,462098745,17-02-2013,3402,47.45,31.79,161424.9,108149.58,53275.32
South America,Brazil,Snacks,Offline,H,07-05-2015,291592434,14-05-2015,9705,152.58,97.44,1480788.9,945655.2,535133.7
Africa,Libya,Cosmetics,Online,M,28-11-2014,579138859,08-12-2014,4965,437.2,263.33,2170698,1307433.45,863264.55
Europe,Italy,Office Supplies,Offline,H,01-09-2011,678359179,05-09-2011,5850,651.21,524.96,3809578.5,3071016,738562.5
Europe,France,Personal Care,Online,H,05-06-2010,605822790,07-06-2010,5876,81.73,56.67,480245.48,332992.92,147252.56
Australia and Oceania,Fiji,Baby Food,Online,H,20-10-2015,884202035,28-10-2015,572,255.28,159.42,146020.16,91188.24,54831.92
North America,United States,Cereal,Online,H,07-08-2012,808233663,08-08-2012,2823,205.7,117.11,580691.1,330601.53,250089.57
Africa,Egypt,Office Supplies,Online,L,15-04-2011,939378217,16-04-2011,698,651.21,524.96,454544.58,366422.08,88122.5
Africa,Nigeria,Baby Food,Offline,L,29-04-2012,479090369,08-05-2012,7546,255.28,159.42,1926342.88,1202983.32,723359.56
Asia,Japan,Office Supplies,Online,L,09-08-2011,624510863,16-08-2011,2073,651.21,524.96,1349958.33,1088242.08,261716.25
North America,United States,Clothes,Offline,H,05-12-2014,746626318,07-12-2014,4765,109.28,35.84,520719.2,170777.6,349941.6
North America,United States,Clothes,Online,H,28-10-2015,762694479,03-11-2015,9228,109.28,35.84,1008435.84,330731.52,677704.32
Europe,Germany,Personal Care,Online,M,26-03-2014,851169351,31-03-2014,4749,81.73,56.67,388135.77,269125.83,119009.94
North America,United States,Clothes,Online,C,12-01-2010,130891076,16-01-2010,6133,109.28,35.84,670214.24,219806.72,450407.52
Asia,China,Office Supplies,Online,H,11-01-2013,461553508,15-01-2013,6310,651.21,524.96,4109135.1,3312497.6,796637.5
Africa,Egypt,Cosmetics,Online,C,06-01-2012,249324747,13-01-2012,5033,437.2,263.33,2200427.6,1325339.89,875087.71
North America,Mexico,Snacks,Online,C,06-02-2010,564622393,11-02-2010,8359,152.58,97.44,1275416.22,814500.96,460915.26
North America,Canada,Clothes,Online,C,21-06-2016,323889835,23-06-2016,7420,109.28,35.84,810857.6,265932.8,544924.8
South America,Chile,Vegetables,Online,M,07-06-2013,219782677,09-06-2013,7035,154.06,90.93,1083812.1,639692.55,444119.55
Australia and Oceania,Fiji,Clothes,Online,H,11-09-2016,926607519,14-09-2016,1888,109.28,35.84,206320.64,67665.92,138654.72
Europe,France,Fruits,Online,L,26-10-2011,812539089,02-11-2011,6792,9.33,6.92,63369.36,47000.64,16368.72
Australia and Oceania,Fiji,Office Supplies,Offline,L,20-02-2017,915934903,24-02-2017,4852,651.21,524.96,3159670.92,2547105.92,612565
Africa,Nigeria,Cosmetics,Offline,L,19-12-2014,621710327,27-12-2014,2661,437.2,263.33,1163389.2,700721.13,462668.07
Europe,Italy,Baby Food,Online,M,17-10-2013,439359125,27-10-2013,7190,255.28,159.42,1835463.2,1146229.8,689233.4
Europe,France,Snacks,Online,L,25-06-2013,625283554,26-06-2013,2150,152.58,97.44,328047,209496,118551
Asia,China,Cosmetics,Offline,H,08-04-2011,961783062,10-04-2011,1616,437.2,263.33,706515.2,425541.28,280973.92
Africa,Egypt,Fruits,Online,H,10-08-2011,276637569,16-08-2011,9911,9.33,6.92,92469.63,68584.12,23885.51
Europe,Germany,Personal Care,Offline,C,02-05-2017,544782536,12-05-2017,2484,81.73,56.67,203017.32,140768.28,62249.04
Australia and Oceania,New Zealand,Vegetables,Offline,C,08-02-2017,439320067,14-02-2017,1017,154.06,90.93,156679.02,92475.81,64203.21
North America,Canada,Fruits,Online,H,31-10-2013,545840504,02-11-2013,8204,9.33,6.92,76543.32,56771.68,19771.64
Africa,Nigeria,Vegetables,Offline,H,17-06-2010,579555115,18-06-2010,4767,154.06,90.93,734404.02,433463.31,300940.71
Asia,Singapore,Household,Online,M,20-04-2017,644149456,24-04-2017,4840,668.27,502.54,3234426.8,2432293.6,802133.2
Asia,Singapore,Office Supplies,Offline,C,05-03-2010,984794207,06-03-2010,365,651.21,524.96,237691.65,191610.4,46081.25
North America,United States,Cosmetics,Online,M,18-10-2010,224505713,23-10-2010,9541,437.2,263.33,4171325.2,2512431.53,1658893.67
Australia and Oceania,Fiji,Cosmetics,Online,H,26-04-2015,165989902,06-05-2015,7011,437.2,263.33,3065209.2,1846206.63,1219002.57
Africa,Nigeria,Household,Offline,H,31-01-2010,372013766,09-02-2010,5535,668.27,502.54,3698874.45,2781558.9,917315.55
North America,United States,Fruits,Online,L,22-11-2014,660064489,27-11-2014,6337,9.33,6.92,59124.21,43852.04,15272.17
Europe,Germany,Baby Food,Offline,C,19-02-2010,624120696,01-03-2010,3768,255.28,159.42,961895.04,600694.56,361200.48
Australia and Oceania,Australia,Cosmetics,Online,L,23-09-2013,144764750,03-10-2013,5066,437.2,263.33,2214855.2,1334029.78,880825.42
North America,United States,Cosmetics,Online,C,12-11-2010,543983576,20-11-2010,6749,437.2,263.33,2950662.8,1777214.17,1173448.63
Asia,Japan,Office Supplies,Offline,H,15-09-2013,641778061,18-09-2013,8619,651.21,524.96,5612778.99,4524630.24,1088148.75
Europe,France,Cereal,Offline,C,13-12-2010,398795929,17-12-2010,7918,205.7,117.11,1628732.6,927276.98,701455.62
Asia,China,Fruits,Online,C,04-05-2014,773925819,09-05-2014,7096,9.33,6.92,66205.68,49104.32,17101.36
Europe,Italy,Snacks,Online,H,05-02-2013,843788619,15-02-2013,7103,152.58,97.44,1083775.74,692116.32,391659.42
North America,United States,Baby Food,Online,M,04-06-2012,304938309,10-06-2012,9187,255.28,159.42,2345257.36,1464591.54,880665.82
Asia,India,Household,Offline,M,29-09-2011,440253551,06-10-2011,961,668.27,502.54,642207.47,482940.94,159266.53
Asia,Japan,Snacks,Online,M,07-02-2014,725456123,16-02-2014,3464,152.58,97.44,528537.12,337532.16,191004.96
South America,Brazil,Beverages,Online,C,12-02-2014,173578012,15-02-2014,9407,47.45,31.79,446362.15,299048.53,147313.62
Australia and Oceania,New Zealand,Beverages,Online,M,25-10-2016,328065812,27-10-2016,9557,47.45,31.79,453479.65,303817.03,149662.62
Africa,Nigeria,Office Supplies,Offline,L,28-11-2012,447188048,07-12-2012,9662,651.21,524.96,6291991.02,5072163.52,1219827.5
South America,Brazil,Vegetables,Offline,C,05-08-2017,812670221,10-08-2017,725,154.06,90.93,111693.5,65924.25,45769.25
Europe,Spain,Fruits,Offline,M,17-07-2015,661867697,20-07-2015,7305,9.33,6.92,68155.65,50550.6,17605.05
South America,Argentina,Baby Food,Offline,C,13-04-2010,744359060,15-04-2010,1609,255.28,159.42,410745.52,256506.78,154238.74
Asia,Singapore,Fruits,Online,L,18-02-2014,315444916,26-02-2014,2719,9.33,6.92,25368.27,18815.48,6552.79
Europe,France,Snacks,Online,L,09-07-2014,338635795,10-07-2014,1957,152.58,97.44,298599.06,190690.08,107908.98
Africa,Kenya,Baby Food,Online,H,20-10-2015,931956801,24-10-2015,6387,255.28,159.42,1630473.36,1018215.54,612257.82
Australia and Oceania,Australia,Fruits,Online,C,04-09-2013,748963191,10-09-2013,9341,9.33,6.92,87151.53,64639.72,22511.81
Asia,China,Clothes,Online,H,25-11-2010,565543196,04-12-2010,238,109.28,35.84,26008.64,8529.92,17478.72
North America,Mexico,Household,Offline,L,06-03-2013,719372654,11-03-2013,5490,668.27,502.54,3668802.3,2758944.6,909857.7
Europe,Spain,Household,Online,C,06-12-2015,673788032,13-12-2015,2185,668.27,502.54,1460169.95,1098049.9,362120.05
South America,Brazil,Cosmetics,Offline,C,16-07-2017,917098683,17-07-2017,6779,437.2,263.33,2963778.8,1785114.07,1178664.73
North America,United States,Vegetables,Offline,M,07-09-2015,752389040,09-09-2015,8996,154.06,90.93,1385923.76,818006.28,567917.48
Asia,China,Snacks,Offline,C,30-10-2017,700041413,02-11-2017,2555,152.58,97.44,389841.9,248959.2,140882.7
Europe,France,Baby Food,Offline,C,09-09-2014,113790867,13-09-2014,8230,255.28,159.42,2100954.4,1312026.6,788927.8
North America,United States,Vegetables,Offline,C,23-06-2014,275276464,26-06-2014,3022,154.06,90.93,465569.32,274790.46,190778.86
Australia and Oceania,New Zealand,Baby Food,Offline,H,21-08-2016,424271919,30-08-2016,165,255.28,159.42,42121.2,26304.3,15816.9
Africa,Egypt,Cereal,Offline,L,13-12-2015,566610373,17-12-2015,6940,205.7,117.11,1427558,812743.4,614814.6
Europe,Spain,Beverages,Online,L,21-10-2012,769026200,26-10-2012,8143,47.45,31.79,386385.35,258865.97,127519.38
Asia,China,Cosmetics,Offline,C,29-08-2012,387574343,07-09-2012,4101,437.2,263.33,1792957.2,1079916.33,713040.87
South America,Brazil,Vegetables,Offline,C,14-05-2010,533002526,18-05-2010,4843,154.06,90.93,746112.58,440373.99,305738.59
South America,Brazil,Household,Online,C,14-05-2015,853394534,15-05-2015,6740,668.27,502.54,4504139.8,3387119.6,1117020.2
South America,Brazil,Personal Care,Offline,M,17-01-2012,776602509,19-01-2012,4923,81.73,56.67,402356.79,278986.41,123370.38
Asia,Japan,Cereal,Offline,H,03-12-2015,254719213,13-12-2015,3498,205.7,117.11,719538.6,409650.78,309887.82
North America,United States,Clothes,Online,L,29-02-2012,550184761,10-03-2012,962,109.28,35.84,105127.36,34478.08,70649.28
Australia and Oceania,New Zealand,Office Supplies,Offline,M,09-04-2015,843223900,12-04-2015,8684,651.21,524.96,5655107.64,4558752.64,1096355
South America,Brazil,Cereal,Offline,M,20-08-2012,789488656,28-08-2012,6445,205.7,117.11,1325736.5,754773.95,570962.55
Asia,Japan,Office Supplies,Online,C,04-07-2016,184083122,07-07-2016,9078,651.21,524.96,5911684.38,4765586.88,1146097.5
Africa,Libya,Cosmetics,Offline,C,28-09-2016,806034092,05-10-2016,4442,437.2,263.33,1942042.4,1169711.86,772330.54
Australia and Oceania,Fiji,Household,Online,M,19-10-2012,254746644,28-10-2012,5568,668.27,502.54,3720927.36,2798142.72,922784.64
Asia,India,Cosmetics,Online,C,01-12-2016,282004128,07-12-2016,9580,437.2,263.33,4188376,2522701.4,1665674.6
South America,Brazil,Cosmetics,Online,M,14-09-2012,229122284,22-09-2012,1153,437.2,263.33,504091.6,303619.49,200472.11
Asia,China,Household,Online,L,25-07-2016,759978729,02-08-2016,1182,668.27,502.54,789895.14,594002.28,195892.86
North America,Mexico,Clothes,Online,H,28-03-2017,658341744,30-03-2017,1964,109.28,35.84,214625.92,70389.76,144236.16
North America,Canada,Beverages,Online,H,17-12-2014,491853268,20-12-2014,4038,47.45,31.79,191603.1,128368.02,63235.08
Africa,Libya,Office Supplies,Online,L,28-12-2016,884184336,07-01-2017,3917,651.21,524.96,2550789.57,2056268.32,494521.25
South America,Brazil,Cereal,Offline,M,24-12-2012,802862774,29-12-2012,6256,205.7,117.11,1286859.2,732640.16,554219.04
South America,Brazil,Beverages,Offline,M,29-03-2013,591004070,06-04-2013,1400,47.45,31.79,66430,44506,21924
Australia and Oceania,Australia,Beverages,Offline,M,27-08-2017,749013920,29-08-2017,7155,47.45,31.79,339504.75,227457.45,112047.3
North America,United States,Personal Care,Online,C,24-05-2010,549288184,31-05-2010,8497,81.73,56.67,694459.81,481524.99,212934.82
North America,Mexico,Personal Care,Offline,M,17-09-2012,742641639,21-09-2012,9903,81.73,56.67,809372.19,561203.01,248169.18
Europe,Spain,Clothes,Online,C,04-08-2014,924174739,12-08-2014,5390,109.28,35.84,589019.2,193177.6,395841.6
North America,Canada,Vegetables,Offline,L,20-02-2010,739425214,27-02-2010,4170,154.06,90.93,642430.2,379178.1,263252.1
South America,Chile,Beverages,Offline,H,15-08-2014,925873875,19-08-2014,1411,47.45,31.79,66951.95,44855.69,22096.26
South America,Brazil,Office Supplies,Offline,L,18-03-2011,979922680,28-03-2011,4126,651.21,524.96,2686892.46,2165984.96,520907.5
Africa,Nigeria,Cosmetics,Online,M,24-12-2012,375730750,01-01-2013,1331,437.2,263.33,581913.2,350492.23,231420.97
North America,Canada,Office Supplies,Offline,L,15-09-2017,766878493,20-09-2017,5546,651.21,524.96,3611610.66,2911428.16,700182.5
Australia and Oceania,Australia,Personal Care,Offline,H,30-12-2014,400618260,06-01-2015,1445,81.73,56.67,118099.85,81888.15,36211.7
Australia and Oceania,Australia,Beverages,Offline,H,12-01-2012,617477781,17-01-2012,3089,47.45,31.79,146573.05,98199.31,48373.74
Europe,France,Fruits,Online,M,23-07-2015,420447305,28-07-2015,1882,9.33,6.92,17559.06,13023.44,4535.62
Australia and Oceania,Fiji,Office Supplies,Online,H,15-06-2010,232018724,19-06-2010,2439,651.21,524.96,1588301.19,1280377.44,307923.75
South America,Argentina,Beverages,Offline,M,01-12-2014,933815937,06-12-2014,9161,47.45,31.79,434689.45,291228.19,143461.26
Africa,Egypt,Household,Online,M,27-09-2016,818523186,02-10-2016,2430,668.27,502.54,1623896.1,1221172.2,402723.9
Australia and Oceania,Australia,Beverages,Online,C,09-10-2010,267080567,13-10-2010,1284,47.45,31.79,60925.8,40818.36,20107.44
Australia and Oceania,New Zealand,Household,Online,M,11-06-2015,265873104,18-06-2015,8154,668.27,502.54,5449073.58,4097711.16,1351362.42
South America,Argentina,Household,Offline,M,16-08-2011,839787247,18-08-2011,9401,668.27,502.54,6282406.27,4724378.54,1558027.73
Europe,Spain,Beverages,Online,H,20-09-2012,997310713,27-09-2012,465,47.45,31.79,22064.25,14782.35,7281.9
South America,Argentina,Household,Online,H,10-04-2017,595721956,13-04-2017,2453,668.27,502.54,1639266.31,1232730.62,406535.69
North America,Mexico,Cereal,Online,M,21-09-2010,193991706,26-09-2010,3579,205.7,117.11,736200.3,419136.69,317063.61
Asia,Japan,Vegetables,Offline,L,03-03-2013,618252167,09-03-2013,2709,154.06,90.93,417348.54,246329.37,171019.17
North America,United States,Baby Food,Online,M,24-08-2010,956507450,25-08-2010,4505,255.28,159.42,1150036.4,718187.1,431849.3
Australia and Oceania,Fiji,Cosmetics,Online,M,29-12-2013,356829516,01-01-2014,8974,437.2,263.33,3923432.8,2363123.42,1560309.38
South America,Brazil,Fruits,Online,C,27-05-2011,578332515,06-06-2011,3712,9.33,6.92,34632.96,25687.04,8945.92
Australia and Oceania,New Zealand,Snacks,Online,M,19-11-2014,122319866,29-11-2014,9270,152.58,97.44,1414416.6,903268.8,511147.8
Asia,China,Cosmetics,Offline,H,10-05-2013,331919327,15-05-2013,8340,437.2,263.33,3646248,2196172.2,1450075.8
North America,Mexico,Fruits,Offline,H,20-06-2014,806850032,24-06-2014,7639,9.33,6.92,71271.87,52861.88,18409.99
Australia and Oceania,Australia,Office Supplies,Online,H,24-03-2013,225140650,03-04-2013,2261,651.21,524.96,1472385.81,1186934.56,285451.25
South America,Brazil,Household,Offline,H,24-12-2016,638110713,30-12-2016,3899,668.27,502.54,2605584.73,1959403.46,646181.27
North America,United States,Vegetables,Online,H,03-01-2012,359237234,11-01-2012,3645,154.06,90.93,561548.7,331439.85,230108.85
South America,Argentina,Office Supplies,Online,L,11-02-2016,771920843,17-02-2016,3147,651.21,524.96,2049357.87,1652049.12,397308.75
Europe,Spain,Baby Food,Offline,H,13-09-2011,890293426,21-09-2011,3394,255.28,159.42,866420.32,541071.48,325348.84
Europe,Germany,Personal Care,Offline,M,22-04-2016,984170075,26-04-2016,1469,81.73,56.67,120061.37,83248.23,36813.14
South America,Chile,Cosmetics,Online,L,18-12-2013,380074508,26-12-2013,124,437.2,263.33,54212.8,32652.92,21559.88
Australia and Oceania,New Zealand,Clothes,Online,C,24-06-2017,766957555,03-07-2017,4066,109.28,35.84,444332.48,145725.44,298607.04
Asia,China,Snacks,Offline,H,13-08-2016,642399182,19-08-2016,1023,152.58,97.44,156089.34,99681.12,56408.22
Europe,Italy,Fruits,Offline,C,28-11-2013,490807897,05-12-2013,3541,9.33,6.92,33037.53,24503.72,8533.81
Europe,Spain,Personal Care,Offline,H,19-02-2010,113712315,28-02-2010,9356,81.73,56.67,764665.88,530204.52,234461.36
Europe,Spain,Baby Food,Online,L,25-11-2013,944917691,29-11-2013,1173,255.28,159.42,299443.44,186999.66,112443.78
Europe,Germany,Beverages,Offline,M,02-11-2014,651636850,08-11-2014,9138,47.45,31.79,433598.1,290497.02,143101.08
Africa,Kenya,Cereal,Online,M,20-03-2014,694899771,24-03-2014,4109,205.7,117.11,845221.3,481204.99,364016.31
South America,Chile,Fruits,Offline,C,03-05-2016,386117010,13-05-2016,2527,9.33,6.92,23576.91,17486.84,6090.07
Australia and Oceania,Fiji,Snacks,Offline,H,15-02-2015,358179450,21-02-2015,7431,152.58,97.44,1133821.98,724076.64,409745.34
Africa,Kenya,Personal Care,Online,M,29-10-2013,887059231,01-11-2013,6458,81.73,56.67,527812.34,365974.86,161837.48
South America,Argentina,Baby Food,Offline,H,07-09-2013,291980976,17-09-2013,4304,255.28,159.42,1098725.12,686143.68,412581.44
North America,Canada,Household,Online,M,22-01-2014,526762477,27-01-2014,4961,668.27,502.54,3315287.47,2493100.94,822186.53
Australia and Oceania,Fiji,Cereal,Online,M,12-06-2011,487581096,15-06-2011,877,205.7,117.11,180398.9,102705.47,77693.43
Europe,Italy,Clothes,Online,L,09-07-2017,956237292,14-07-2017,8495,109.28,35.84,928333.6,304460.8,623872.8
Europe,France,Household,Online,M,16-12-2017,617939014,24-12-2017,3576,668.27,502.54,2389733.52,1797083.04,592650.48
Asia,Singapore,Office Supplies,Online,M,26-06-2010,406049007,04-07-2010,9366,651.21,524.96,6099232.86,4916775.36,1182457.5
Australia and Oceania,Fiji,Personal Care,Online,M,29-08-2014,745289756,02-09-2014,4475,81.73,56.67,365741.75,253598.25,112143.5
North America,Mexico,Household,Online,M,21-09-2015,469107501,01-10-2015,730,668.27,502.54,487837.1,366854.2,120982.9
South America,Chile,Office Supplies,Online,C,23-10-2010,849665302,01-11-2010,7349,651.21,524.96,4785742.29,3857931.04,927811.25
Europe,Spain,Household,Online,L,05-11-2015,605772445,06-11-2015,2698,668.27,502.54,1802992.46,1355852.92,447139.54
South America,Brazil,Clothes,Offline,H,21-06-2017,307962953,25-06-2017,1065,109.28,35.84,116383.2,38169.6,78213.6
North America,Mexico,Cosmetics,Online,H,27-09-2015,297836783,06-10-2015,3375,437.2,263.33,1475550,888738.75,586811.25
Africa,Kenya,Snacks,Offline,H,12-05-2017,708703814,15-05-2017,5930,152.58,97.44,904799.4,577819.2,326980.2
South America,Argentina,Snacks,Online,M,07-03-2012,653702017,12-03-2012,1311,152.58,97.44,200032.38,127743.84,72288.54
Asia,Japan,Clothes,Offline,M,22-12-2010,282070904,26-12-2010,1150,109.28,35.84,125672,41216,84456
North America,Canada,Beverages,Online,M,30-01-2014,575601427,01-02-2014,8778,47.45,31.79,416516.1,279052.62,137463.48
North America,Mexico,Fruits,Online,C,16-05-2012,819010909,23-05-2012,807,9.33,6.92,7529.31,5584.44,1944.87
Europe,France,Household,Online,C,03-05-2016,733126181,10-05-2016,9748,668.27,502.54,6514295.96,4898759.92,1615536.04
Europe,Spain,Clothes,Offline,H,21-03-2014,269997579,23-03-2014,9530,109.28,35.84,1041438.4,341555.2,699883.2
Australia and Oceania,Fiji,Personal Care,Offline,H,14-03-2017,808815945,20-03-2017,3379,81.73,56.67,276165.67,191487.93,84677.74
Africa,Egypt,Household,Online,C,17-01-2012,757581517,21-01-2012,5922,668.27,502.54,3957494.94,2976041.88,981453.06
Asia,China,Snacks,Online,C,21-07-2011,781632710,23-07-2011,1854,152.58,97.44,282883.32,180653.76,102229.56
Europe,France,Clothes,Online,M,18-02-2012,878917047,25-02-2012,9624,109.28,35.84,1051710.72,344924.16,706786.56
Europe,Italy,Office Supplies,Offline,M,24-03-2014,536640261,30-03-2014,364,651.21,524.96,237040.44,191085.44,45955
Australia and Oceania,New Zealand,Personal Care,Online,M,25-07-2015,431631235,26-07-2015,7239,81.73,56.67,591643.47,410234.13,181409.34
Asia,Japan,Clothes,Offline,L,12-07-2011,517248424,18-07-2011,9943,109.28,35.84,1086571.04,356357.12,730213.92
Asia,Singapore,Personal Care,Offline,C,15-05-2015,533122172,18-05-2015,5280,81.73,56.67,431534.4,299217.6,132316.8
South America,Chile,Cosmetics,Offline,H,27-11-2010,850728477,04-12-2010,849,437.2,263.33,371182.8,223567.17,147615.63
Africa,Kenya,Baby Food,Offline,C,28-08-2011,481988109,02-09-2011,6936,255.28,159.42,1770622.08,1105737.12,664884.96
North America,United States,Household,Online,C,13-10-2014,914185977,14-10-2014,9044,668.27,502.54,6043833.88,4544971.76,1498862.12
North America,Mexico,Household,Offline,L,27-05-2012,734355581,05-06-2012,2853,668.27,502.54,1906574.31,1433746.62,472827.69
North America,United States,Cosmetics,Online,M,05-10-2016,979789723,09-10-2016,4836,437.2,263.33,2114299.2,1273463.88,840835.32
Europe,Germany,Baby Food,Online,H,30-05-2012,780209616,31-05-2012,534,255.28,159.42,136319.52,85130.28,51189.24
South America,Brazil,Snacks,Offline,H,09-08-2011,763774754,12-08-2011,5056,152.58,97.44,771444.48,492656.64,278787.84
South America,Chile,Snacks,Online,C,25-10-2015,514201024,26-10-2015,4008,152.58,97.44,611540.64,390539.52,221001.12
Africa,Libya,Cosmetics,Online,H,09-01-2017,944120513,14-01-2017,2402,437.2,263.33,1050154.4,632518.66,417635.74
North America,Mexico,Fruits,Offline,H,16-09-2011,294218980,17-09-2011,2185,9.33,6.92,20386.05,15120.2,5265.85
South America,Brazil,Vegetables,Offline,H,21-02-2017,797753370,24-02-2017,7729,154.06,90.93,1190729.74,702797.97,487931.77
Europe,Spain,Household,Offline,C,23-11-2010,444529007,30-11-2010,735,668.27,502.54,491178.45,369366.9,121811.55
Asia,Singapore,Personal Care,Online,H,13-10-2012,798835312,21-10-2012,4965,81.73,56.67,405789.45,281366.55,124422.9
Africa,Kenya,Cereal,Online,C,17-05-2013,280091574,23-05-2013,5944,205.7,117.11,1222680.8,696101.84,526578.96
Europe,Germany,Personal Care,Offline,C,25-10-2011,153643444,26-10-2011,8373,81.73,56.67,684325.29,474497.91,209827.38
Africa,Egypt,Household,Offline,C,13-06-2016,816759110,23-06-2016,4839,668.27,502.54,3233758.53,2431791.06,801967.47
Europe,Spain,Clothes,Online,C,17-11-2010,330411370,18-11-2010,6702,109.28,35.84,732394.56,240199.68,492194.88
South America,Chile,Cosmetics,Online,C,11-05-2017,257465757,12-05-2017,7285,437.2,263.33,3185002,1918359.05,1266642.95
Asia,Singapore,Vegetables,Online,C,20-12-2012,343558734,22-12-2012,9933,154.06,90.93,1530277.98,903207.69,627070.29
South America,Brazil,Vegetables,Offline,H,26-04-2016,785369485,02-05-2016,3895,154.06,90.93,600063.7,354172.35,245891.35
Australia and Oceania,New Zealand,Household,Offline,M,30-09-2011,679027307,09-10-2011,6782,668.27,502.54,4532207.14,3408226.28,1123980.86
North America,Canada,Clothes,Online,L,13-10-2010,899157792,19-10-2010,1876,109.28,35.84,205009.28,67235.84,137773.44
Africa,Egypt,Office Supplies,Online,L,03-11-2016,528793199,06-11-2016,1911,651.21,524.96,1244462.31,1003198.56,241263.75
Europe,France,Fruits,Offline,H,11-12-2017,113633788,15-12-2017,8366,9.33,6.92,78054.78,57892.72,20162.06
Australia and Oceania,Fiji,Cereal,Online,H,17-06-2011,671630865,25-06-2011,9236,205.7,117.11,1899845.2,1081627.96,818217.24
Asia,Singapore,Household,Offline,C,25-05-2014,530815499,04-06-2014,1038,668.27,502.54,693664.26,521636.52,172027.74
Africa,Kenya,Office Supplies,Online,M,17-04-2015,559253068,27-04-2015,1627,651.21,524.96,1059518.67,854109.92,205408.75
Asia,India,Cosmetics,Offline,H,27-01-2014,582659964,06-02-2014,6897,437.2,263.33,3015368.4,1816187.01,1199181.39
Asia,India,Personal Care,Offline,M,29-07-2010,900075962,30-07-2010,179,81.73,56.67,14629.67,10143.93,4485.74
Europe,Spain,Snacks,Offline,M,31-10-2017,920640550,07-11-2017,1242,152.58,97.44,189504.36,121020.48,68483.88
Asia,Japan,Vegetables,Offline,L,01-04-2013,663676430,04-04-2013,1817,154.06,90.93,279927.02,165219.81,114707.21
South America,Chile,Cereal,Offline,H,23-12-2015,816997555,31-12-2015,640,205.7,117.11,131648,74950.4,56697.6
Asia,Japan,Office Supplies,Offline,L,16-04-2014,586739296,26-04-2014,7836,651.21,524.96,5102881.56,4113586.56,989295
Europe,Spain,Household,Online,L,23-09-2014,127462043,26-09-2014,4028,668.27,502.54,2691791.56,2024231.12,667560.44
Asia,India,Snacks,Offline,C,31-08-2015,388334995,05-09-2015,2673,152.58,97.44,407846.34,260457.12,147389.22
Europe,Spain,Office Supplies,Offline,M,05-05-2012,709648961,07-05-2012,2968,651.21,524.96,1932791.28,1558081.28,374710
Asia,Japan,Vegetables,Online,M,13-11-2012,206764588,18-11-2012,7218,154.06,90.93,1112005.08,656332.74,455672.34
Asia,Singapore,Personal Care,Online,C,03-11-2012,375791396,09-11-2012,7747,81.73,56.67,633162.31,439022.49,194139.82
South America,Brazil,Household,Online,M,24-09-2016,504550043,28-09-2016,6707,668.27,502.54,4482086.89,3370535.78,1111551.11
Africa,Libya,Clothes,Online,L,29-10-2010,301346093,08-11-2010,2288,109.28,35.84,250032.64,82001.92,168030.72
Africa,Libya,Snacks,Online,H,06-01-2015,927794390,10-01-2015,5626,152.58,97.44,858415.08,548197.44,310217.64
South America,Argentina,Beverages,Offline,L,29-11-2017,341864642,02-12-2017,2927,47.45,31.79,138886.15,93049.33,45836.82
Europe,Spain,Cosmetics,Offline,L,26-08-2011,501277572,29-08-2011,459,437.2,263.33,200674.8,120868.47,79806.33
Asia,China,Cereal,Online,M,06-02-2013,222590006,07-02-2013,8976,205.7,117.11,1846363.2,1051179.36,795183.84
Asia,China,Beverages,Offline,H,15-09-2015,498078853,25-09-2015,1500,47.45,31.79,71175,47685,23490
Africa,Nigeria,Clothes,Online,C,03-06-2010,567264259,12-06-2010,7844,109.28,35.84,857192.32,281128.96,576063.36
North America,United States,Fruits,Offline,H,14-01-2015,941221339,17-01-2015,3534,9.33,6.92,32972.22,24455.28,8516.94
Africa,Libya,Fruits,Online,C,22-10-2013,474753457,23-10-2013,112,9.33,6.92,1044.96,775.04,269.92
Europe,France,Office Supplies,Online,L,16-09-2014,418915171,24-09-2014,7975,651.21,524.96,5193399.75,4186556,1006843.75
Asia,Japan,Fruits,Offline,H,11-12-2017,465608563,20-12-2017,4833,9.33,6.92,45091.89,33444.36,11647.53
North America,Mexico,Snacks,Offline,H,09-08-2014,537084241,13-08-2014,7918,152.58,97.44,1208128.44,771529.92,436598.52
Africa,Libya,Clothes,Offline,M,14-03-2010,759124092,20-03-2010,3156,109.28,35.84,344887.68,113111.04,231776.64
Asia,India,Office Supplies,Online,C,17-08-2015,469459866,18-08-2015,3265,651.21,524.96,2126200.65,1713994.4,412206.25
Africa,Egypt,Fruits,Offline,H,15-04-2010,684889446,17-04-2010,3001,9.33,6.92,27999.33,20766.92,7232.41
South America,Brazil,Clothes,Offline,H,07-05-2017,462265072,14-05-2017,5236,109.28,35.84,572190.08,187658.24,384531.84
North America,United States,Baby Food,Online,C,31-03-2012,795265837,03-04-2012,2104,255.28,159.42,537109.12,335419.68,201689.44
Australia and Oceania,New Zealand,Fruits,Online,L,02-06-2012,973000126,06-06-2012,3691,9.33,6.92,34437.03,25541.72,8895.31
South America,Argentina,Vegetables,Online,C,21-04-2017,278336967,26-04-2017,1172,154.06,90.93,180558.32,106569.96,73988.36
Europe,Spain,Clothes,Offline,C,28-09-2015,879594110,01-10-2015,9631,109.28,35.84,1052475.68,345175.04,707300.64
North America,Mexico,Cosmetics,Offline,H,04-06-2012,327133004,14-06-2012,2679,437.2,263.33,1171258.8,705461.07,465797.73
Europe,Italy,Vegetables,Offline,C,25-01-2013,553085191,29-01-2013,3558,154.06,90.93,548145.48,323528.94,224616.54
South America,Argentina,Clothes,Online,C,10-05-2017,111944535,16-05-2017,7444,109.28,35.84,813480.32,266792.96,546687.36
Australia and Oceania,New Zealand,Cereal,Offline,H,29-01-2010,118856292,31-01-2010,9863,205.7,117.11,2028819.1,1155055.93,873763.17
South America,Argentina,Cereal,Offline,C,16-04-2015,694158104,21-04-2015,4160,205.7,117.11,855712,487177.6,368534.4
Europe,Germany,Baby Food,Offline,C,29-09-2017,790483983,03-10-2017,1954,255.28,159.42,498817.12,311506.68,187310.44
Africa,Nigeria,Beverages,Online,M,11-07-2014,126188714,19-07-2014,5436,47.45,31.79,257938.2,172810.44,85127.76
Africa,Libya,Beverages,Online,H,28-05-2015,859695705,05-06-2015,1826,47.45,31.79,86643.7,58048.54,28595.16
South America,Chile,Snacks,Online,L,12-04-2010,358721704,19-04-2010,7849,152.58,97.44,1197600.42,764806.56,432793.86
North America,United States,Household,Online,L,26-12-2013,536259585,27-12-2013,7571,668.27,502.54,5059472.17,3804730.34,1254741.83
Europe,Spain,Personal Care,Online,H,09-08-2012,325171049,17-08-2012,6422,81.73,56.67,524870.06,363934.74,160935.32
Asia,India,Office Supplies,Online,M,21-04-2011,151119963,26-04-2011,2863,651.21,524.96,1864414.23,1502960.48,361453.75
South America,Chile,Clothes,Online,M,25-06-2010,814569328,03-07-2010,9066,109.28,35.84,990732.48,324925.44,665807.04
Europe,France,Office Supplies,Offline,H,01-11-2013,479881228,09-11-2013,2058,651.21,524.96,1340190.18,1080367.68,259822.5
Australia and Oceania,New Zealand,Snacks,Offline,H,12-02-2011,542629177,16-02-2011,9221,152.58,97.44,1406940.18,898494.24,508445.94
Europe,Italy,Cosmetics,Online,H,19-03-2013,678032943,27-03-2013,2183,437.2,263.33,954407.6,574849.39,379558.21
Africa,Kenya,Clothes,Online,M,20-01-2011,380672524,30-01-2011,1793,109.28,35.84,195939.04,64261.12,131677.92
Europe,Spain,Baby Food,Offline,C,09-01-2010,847855023,15-01-2010,4408,255.28,159.42,1125274.24,702723.36,422550.88
Africa,Nigeria,Household,Offline,M,26-04-2010,762019685,06-05-2010,5251,668.27,502.54,3509085.77,2638837.54,870248.23
North America,Canada,Personal Care,Online,C,03-03-2012,543572181,09-03-2012,3223,81.73,56.67,263415.79,182647.41,80768.38
South America,Chile,Cosmetics,Offline,L,03-07-2010,533569612,13-07-2010,2374,437.2,263.33,1037912.8,625145.42,412767.38
Europe,Spain,Fruits,Offline,M,22-02-2012,880579970,26-02-2012,5593,9.33,6.92,52182.69,38703.56,13479.13
Australia and Oceania,New Zealand,Baby Food,Offline,H,15-03-2012,962282320,20-03-2012,7900,255.28,159.42,2016712,1259418,757294
Asia,Singapore,Beverages,Offline,H,16-05-2014,525698728,18-05-2014,9329,47.45,31.79,442661.05,296568.91,146092.14
Europe,Germany,Baby Food,Online,H,21-05-2016,724177448,24-05-2016,1017,255.28,159.42,259619.76,162130.14,97489.62
Asia,India,Snacks,Online,M,24-11-2012,802839139,03-12-2012,6556,152.58,97.44,1000314.48,638816.64,361497.84
South America,Argentina,Vegetables,Online,H,29-06-2010,531450839,03-07-2010,3623,154.06,90.93,558159.38,329439.39,228719.99
Asia,Japan,Cereal,Online,H,08-03-2017,841530959,14-03-2017,2244,205.7,117.11,461590.8,262794.84,198795.96
Africa,Egypt,Beverages,Online,L,03-06-2014,660314508,06-06-2014,1427,47.45,31.79,67711.15,45364.33,22346.82
Australia and Oceania,New Zealand,Cosmetics,Online,L,29-07-2010,221157453,02-08-2010,1023,437.2,263.33,447255.6,269386.59,177869.01
Europe,Spain,Baby Food,Online,C,25-05-2010,629987397,02-06-2010,4544,255.28,159.42,1159992.32,724404.48,435587.84
South America,Chile,Snacks,Offline,C,30-07-2012,944719608,03-08-2012,5311,152.58,97.44,810352.38,517503.84,292848.54
South America,Brazil,Office Supplies,Offline,M,26-08-2016,972533141,01-09-2016,5491,651.21,524.96,3575794.11,2882555.36,693238.75
Africa,Kenya,Fruits,Offline,M,12-02-2010,461236291,21-02-2010,5308,9.33,6.92,49523.64,36731.36,12792.28
South America,Argentina,Household,Offline,M,06-11-2017,935472773,09-11-2017,9954,668.27,502.54,6651959.58,5002283.16,1649676.42
Europe,Italy,Vegetables,Offline,H,05-09-2012,344087309,13-09-2012,1254,154.06,90.93,193191.24,114026.22,79165.02
Africa,Nigeria,Baby Food,Offline,H,24-01-2012,105913529,29-01-2012,4322,255.28,159.42,1103320.16,689013.24,414306.92
Europe,Spain,Office Supplies,Online,M,23-10-2016,898608979,28-10-2016,6969,651.21,524.96,4538282.49,3658446.24,879836.25
North America,United States,Snacks,Online,H,16-10-2011,312564017,26-10-2011,1245,152.58,97.44,189962.1,121312.8,68649.3
Europe,France,Household,Online,M,12-08-2011,851916969,13-08-2011,5322,668.27,502.54,3556532.94,2674517.88,882015.06
North America,United States,Office Supplies,Offline,M,05-04-2014,280201707,07-04-2014,3512,651.21,524.96,2287049.52,1843659.52,443390
Africa,Nigeria,Vegetables,Online,L,17-01-2017,844345675,18-01-2017,7878,154.06,90.93,1213684.68,716346.54,497338.14
South America,Brazil,Clothes,Online,C,09-06-2011,515004566,17-06-2011,8079,109.28,35.84,882873.12,289551.36,593321.76
North America,Canada,Personal Care,Offline,M,08-09-2011,916605645,11-09-2011,2626,81.73,56.67,214622.98,148815.42,65807.56
Europe,Spain,Personal Care,Offline,C,02-04-2014,311783445,08-04-2014,6352,81.73,56.67,519148.96,359967.84,159181.12
Australia and Oceania,Fiji,Cereal,Online,C,30-10-2013,306660738,31-10-2013,3160,205.7,117.11,650012,370067.6,279944.4
Asia,China,Cosmetics,Offline,L,08-09-2012,133022455,13-09-2012,975,437.2,263.33,426270,256746.75,169523.25
South America,Brazil,Fruits,Online,M,10-12-2012,931160164,11-12-2012,1205,9.33,6.92,11242.65,8338.6,2904.05
Australia and Oceania,Fiji,Household,Offline,C,23-03-2015,354699981,28-03-2015,8118,668.27,502.54,5425015.86,4079619.72,1345396.14
Africa,Kenya,Personal Care,Offline,H,06-09-2014,462839559,11-09-2014,8343,81.73,56.67,681873.39,472797.81,209075.58
Africa,Libya,Cosmetics,Online,H,18-08-2016,175705979,20-08-2016,9376,437.2,263.33,4099187.2,2468982.08,1630205.12
Australia and Oceania,New Zealand,Vegetables,Online,L,27-02-2017,383622787,07-03-2017,5576,154.06,90.93,859038.56,507025.68,352012.88
South America,Brazil,Fruits,Offline,C,25-09-2013,229498736,30-09-2013,6989,9.33,6.92,65207.37,48363.88,16843.49
Asia,China,Vegetables,Online,C,01-02-2013,406134488,11-02-2013,7042,154.06,90.93,1084890.52,640329.06,444561.46
Asia,Japan,Personal Care,Offline,C,04-11-2012,458292070,09-11-2012,9020,81.73,56.67,737204.6,511163.4,226041.2
North America,United States,Personal Care,Online,H,03-08-2013,571240603,05-08-2013,4171,81.73,56.67,340895.83,236370.57,104525.26
Australia and Oceania,Australia,Cosmetics,Offline,H,02-12-2015,107774815,08-12-2015,7680,437.2,263.33,3357696,2022374.4,1335321.6
Africa,Kenya,Personal Care,Offline,L,25-05-2011,773824187,28-05-2011,1892,81.73,56.67,154633.16,107219.64,47413.52
Africa,Nigeria,Office Supplies,Offline,H,28-12-2013,648146696,02-01-2014,3457,651.21,524.96,2251232.97,1814786.72,436446.25
Africa,Kenya,Fruits,Offline,M,23-08-2010,774788645,27-08-2010,4954,9.33,6.92,46220.82,34281.68,11939.14
Africa,Kenya,Office Supplies,Online,L,24-09-2014,228012103,01-10-2014,3930,651.21,524.96,2559255.3,2063092.8,496162.5
Europe,Italy,Baby Food,Online,H,04-05-2016,646364576,14-05-2016,3078,255.28,159.42,785751.84,490694.76,295057.08
Africa,Libya,Baby Food,Offline,C,12-08-2013,361717969,19-08-2013,394,255.28,159.42,100580.32,62811.48,37768.84
Asia,China,Cosmetics,Offline,L,07-10-2017,771964921,11-10-2017,3351,437.2,263.33,1465057.2,882418.83,582638.37
Asia,India,Clothes,Online,C,16-03-2015,340621777,26-03-2015,1230,109.28,35.84,134414.4,44083.2,90331.2
Africa,Kenya,Cereal,Online,C,26-01-2012,448233404,05-02-2012,1228,205.7,117.11,252599.6,143811.08,108788.52
North America,Canada,Household,Online,C,02-07-2011,502748164,11-07-2011,8217,668.27,502.54,5491174.59,4129371.18,1361803.41
Africa,Libya,Fruits,Online,L,10-09-2012,264670682,13-09-2012,6963,9.33,6.92,64964.79,48183.96,16780.83
Africa,Egypt,Baby Food,Offline,H,21-02-2011,493592655,27-02-2011,9206,255.28,159.42,2350107.68,1467620.52,882487.16
Australia and Oceania,New Zealand,Vegetables,Offline,L,26-02-2010,464132717,27-02-2010,7452,154.06,90.93,1148055.12,677610.36,470444.76
Australia and Oceania,Fiji,Cosmetics,Offline,H,23-08-2012,634533349,30-08-2012,5612,437.2,263.33,2453566.4,1477807.96,975758.44
Africa,Libya,Baby Food,Online,M,22-04-2012,230860506,26-04-2012,5214,255.28,159.42,1331029.92,831215.88,499814.04
North America,Mexico,Clothes,Offline,H,29-11-2014,737156584,30-11-2014,6250,109.28,35.84,683000,224000,459000
Australia and Oceania,New Zealand,Snacks,Online,H,27-09-2010,662653172,04-10-2010,9468,152.58,97.44,1444627.44,922561.92,522065.52
North America,Mexico,Beverages,Offline,H,08-11-2016,615822235,09-11-2016,2416,47.45,31.79,114639.2,76804.64,37834.56
Australia and Oceania,Australia,Clothes,Online,M,19-11-2012,679823395,26-11-2012,7157,109.28,35.84,782116.96,256506.88,525610.08
Australia and Oceania,Australia,Personal Care,Offline,H,10-11-2016,390552064,18-11-2016,8333,81.73,56.67,681056.09,472231.11,208824.98
North America,Canada,Beverages,Online,M,03-02-2016,769323370,04-02-2016,561,47.45,31.79,26619.45,17834.19,8785.26
South America,Argentina,Baby Food,Online,H,14-07-2017,924117421,21-07-2017,1347,255.28,159.42,343862.16,214738.74,129123.42
North America,Canada,Office Supplies,Offline,M,01-10-2017,946906474,06-10-2017,3739,651.21,524.96,2434874.19,1962825.44,472048.75
Europe,Spain,Personal Care,Online,H,27-08-2013,578625936,06-09-2013,8688,81.73,56.67,710070.24,492348.96,217721.28
Europe,France,Clothes,Offline,C,11-08-2011,506871663,16-08-2011,3744,109.28,35.84,409144.32,134184.96,274959.36
Africa,Nigeria,Baby Food,Offline,M,27-04-2015,950480279,30-04-2015,8225,255.28,159.42,2099678,1311229.5,788448.5
Asia,India,Cosmetics,Offline,C,10-03-2012,419803167,17-03-2012,6049,437.2,263.33,2644622.8,1592883.17,1051739.63
Africa,Nigeria,Personal Care,Online,M,09-04-2017,335993889,19-04-2017,8437,81.73,56.67,689556.01,478124.79,211431.22
North America,United States,Beverages,Online,M,10-05-2011,624464713,18-05-2011,5276,47.45,31.79,250346.2,167724.04,82622.16
Africa,Nigeria,Beverages,Online,L,23-12-2010,948824621,24-12-2010,2186,47.45,31.79,103725.7,69492.94,34232.76
North America,Mexico,Beverages,Offline,M,24-03-2011,241276115,28-03-2011,3961,47.45,31.79,187949.45,125920.19,62029.26
Asia,Japan,Fruits,Offline,M,20-08-2012,425764694,26-08-2012,5270,9.33,6.92,49169.1,36468.4,12700.7
Asia,China,Snacks,Online,L,15-11-2010,856857921,23-11-2010,840,152.58,97.44,128167.2,81849.6,46317.6
Europe,Germany,Vegetables,Online,M,19-09-2011,855699207,21-09-2011,2863,154.06,90.93,441073.78,260332.59,180741.19
Australia and Oceania,Australia,Baby Food,Offline,C,06-08-2015,655345772,08-08-2015,3638,255.28,159.42,928708.64,579969.96,348738.68
Asia,China,Fruits,Online,L,04-09-2012,784366078,11-09-2012,2250,9.33,6.92,20992.5,15570,5422.5
Australia and Oceania,Australia,Baby Food,Offline,L,09-04-2013,288569203,19-04-2013,2511,255.28,159.42,641008.08,400303.62,240704.46
Europe,Germany,Household,Online,L,12-03-2011,532096811,18-03-2011,8675,668.27,502.54,5797242.25,4359534.5,1437707.75
Europe,Spain,Personal Care,Offline,L,10-04-2015,730253310,14-04-2015,5421,81.73,56.67,443058.33,307208.07,135850.26
Africa,Kenya,Household,Offline,C,10-03-2013,885340429,12-03-2013,9224,668.27,502.54,6164122.48,4635428.96,1528693.52
Asia,China,Cereal,Offline,H,24-01-2016,984709269,03-02-2016,5609,205.7,117.11,1153771.3,656869.99,496901.31
North America,Canada,Fruits,Offline,H,16-06-2016,344312687,20-06-2016,7882,9.33,6.92,73539.06,54543.44,18995.62
North America,United States,Household,Offline,M,20-04-2015,510819608,27-04-2015,373,668.27,502.54,249264.71,187447.42,61817.29
Asia,Japan,Household,Online,L,12-04-2012,794500587,13-04-2012,8658,668.27,502.54,5785881.66,4350991.32,1434890.34
North America,Mexico,Cereal,Offline,H,09-08-2017,466268681,11-08-2017,2965,205.7,117.11,609900.5,347231.15,262669.35
North America,United States,Office Supplies,Offline,M,11-03-2017,104244407,16-03-2017,9520,651.21,524.96,6199519.2,4997619.2,1201900
Asia,Japan,Baby Food,Offline,H,01-08-2017,846035997,11-08-2017,6628,255.28,159.42,1691995.84,1056635.76,635360.08
South America,Chile,Personal Care,Offline,H,27-02-2012,596097040,03-03-2012,5614,81.73,56.67,458832.22,318145.38,140686.84
South America,Brazil,Vegetables,Online,L,10-05-2016,268826885,12-05-2016,4393,154.06,90.93,676785.58,399455.49,277330.09
North America,United States,Cosmetics,Online,H,27-12-2014,151290561,30-12-2014,4996,437.2,263.33,2184251.2,1315596.68,868654.52
North America,Canada,Fruits,Online,M,11-07-2010,249588768,16-07-2010,6859,9.33,6.92,63994.47,47464.28,16530.19
Australia and Oceania,New Zealand,Fruits,Offline,C,09-08-2012,153774300,12-08-2012,7833,9.33,6.92,73081.89,54204.36,18877.53
Asia,India,Beverages,Offline,L,06-05-2013,176296516,16-05-2013,6482,47.45,31.79,307570.9,206062.78,101508.12
Europe,Spain,Fruits,Online,H,18-06-2012,624870937,21-06-2012,4735,9.33,6.92,44177.55,32766.2,11411.35
Europe,France,Cosmetics,Online,L,22-06-2010,545832612,27-06-2010,5523,437.2,263.33,2414655.6,1454371.59,960284.01
South America,Chile,Cosmetics,Online,H,11-04-2015,847471197,21-04-2015,1146,437.2,263.33,501031.2,301776.18,199255.02
Asia,India,Snacks,Offline,L,31-08-2011,431142406,02-09-2011,2503,152.58,97.44,381907.74,243892.32,138015.42
South America,Argentina,Beverages,Online,H,21-03-2017,901550202,27-03-2017,9273,47.45,31.79,440003.85,294788.67,145215.18
Europe,Spain,Cereal,Online,M,20-07-2012,860970363,27-07-2012,8364,205.7,117.11,1720474.8,979508.04,740966.76
Australia and Oceania,Australia,Beverages,Online,L,30-08-2013,994400932,06-09-2013,1050,47.45,31.79,49822.5,33379.5,16443
South America,Chile,Baby Food,Online,C,30-08-2016,410198697,05-09-2016,8959,255.28,159.42,2287053.52,1428243.78,858809.74
South America,Chile,Vegetables,Online,H,31-08-2015,905359583,06-09-2015,2115,154.06,90.93,325836.9,192316.95,133519.95
Europe,Germany,Clothes,Online,C,16-02-2012,296099274,24-02-2012,9663,109.28,35.84,1055972.64,346321.92,709650.72
Asia,Singapore,Beverages,Online,C,04-07-2017,445767033,14-07-2017,6397,47.45,31.79,303537.65,203360.63,100177.02
Europe,Germany,Snacks,Online,L,22-02-2016,263368359,27-02-2016,7062,152.58,97.44,1077519.96,688121.28,389398.68
Asia,India,Household,Online,C,29-06-2014,117958077,02-07-2014,5625,668.27,502.54,3759018.75,2826787.5,932231.25
North America,United States,Vegetables,Offline,H,20-11-2013,953529868,27-11-2013,9007,154.06,90.93,1387618.42,819006.51,568611.91
Asia,Singapore,Snacks,Offline,H,04-01-2011,866554142,07-01-2011,7409,152.58,97.44,1130465.22,721932.96,408532.26
South America,Argentina,Fruits,Offline,L,18-01-2016,750835078,26-01-2016,9223,9.33,6.92,86050.59,63823.16,22227.43
Australia and Oceania,New Zealand,Cosmetics,Online,C,14-10-2011,589735148,17-10-2011,3147,437.2,263.33,1375868.4,828699.51,547168.89
Australia and Oceania,Australia,Fruits,Offline,M,29-12-2010,222479819,31-12-2010,5117,9.33,6.92,47741.61,35409.64,12331.97
North America,United States,Snacks,Online,H,12-03-2016,103560883,13-03-2016,2544,152.58,97.44,388163.52,247887.36,140276.16
Africa,Libya,Personal Care,Offline,C,22-09-2016,358059529,01-10-2016,1184,81.73,56.67,96768.32,67097.28,29671.04
Asia,Singapore,Clothes,Offline,L,10-03-2016,847199764,12-03-2016,5713,109.28,35.84,624316.64,204753.92,419562.72
Africa,Kenya,Household,Online,L,23-02-2010,123028264,26-02-2010,793,668.27,502.54,529938.11,398514.22,131423.89
North America,United States,Cereal,Online,C,27-08-2016,977879891,05-09-2016,7300,205.7,117.11,1501610,854903,646707
South America,Brazil,Vegetables,Offline,C,05-04-2014,729322332,10-04-2014,3894,154.06,90.93,599909.64,354081.42,245828.22
Africa,Libya,Clothes,Offline,L,24-04-2015,835872982,03-05-2015,4531,109.28,35.84,495147.68,162391.04,332756.64
South America,Brazil,Beverages,Online,L,26-03-2017,513879889,28-03-2017,7291,47.45,31.79,345957.95,231780.89,114177.06
North America,Mexico,Fruits,Online,L,08-03-2014,917644122,14-03-2014,6693,9.33,6.92,62445.69,46315.56,16130.13
Europe,Spain,Cereal,Online,L,04-10-2016,954453434,13-10-2016,8767,205.7,117.11,1803371.9,1026703.37,776668.53
Australia and Oceania,Fiji,Cereal,Offline,M,20-11-2013,683838056,29-11-2013,7366,205.7,117.11,1515186.2,862632.26,652553.94
Europe,Italy,Beverages,Offline,M,04-08-2010,446436431,08-08-2010,2295,47.45,31.79,108897.75,72958.05,35939.7
Asia,Singapore,Fruits,Offline,M,12-12-2014,602144286,18-12-2014,2367,9.33,6.92,22084.11,16379.64,5704.47
Africa,Nigeria,Clothes,Online,C,26-10-2013,801946828,27-10-2013,429,109.28,35.84,46881.12,15375.36,31505.76
Africa,Kenya,Vegetables,Online,L,28-07-2014,430521946,03-08-2014,2128,154.06,90.93,327839.68,193499.04,134340.64
North America,United States,Vegetables,Online,C,02-01-2011,827484742,10-01-2011,5671,154.06,90.93,873674.26,515664.03,358010.23
Asia,Japan,Snacks,Offline,H,03-05-2015,793461024,09-05-2015,390,152.58,97.44,59506.2,38001.6,21504.6
Europe,France,Personal Care,Online,L,13-11-2013,194374071,21-11-2013,2692,81.73,56.67,220017.16,152555.64,67461.52
Australia and Oceania,New Zealand,Office Supplies,Online,L,20-11-2014,487981189,26-11-2014,5383,651.21,524.96,3505463.43,2825859.68,679603.75
Australia and Oceania,Australia,Beverages,Offline,L,13-01-2014,215870489,16-01-2014,3055,47.45,31.79,144959.75,97118.45,47841.3
Australia and Oceania,Fiji,Office Supplies,Offline,H,06-11-2010,169816471,15-11-2010,3005,651.21,524.96,1956886.05,1577504.8,379381.25
Africa,Libya,Household,Offline,H,04-11-2017,933356097,08-11-2017,7323,668.27,502.54,4893741.21,3680100.42,1213640.79
Asia,India,Fruits,Online,M,28-08-2011,645143917,31-08-2011,7540,9.33,6.92,70348.2,52176.8,18171.4
Asia,Singapore,Snacks,Offline,M,23-01-2013,296553120,30-01-2013,2971,152.58,97.44,453315.18,289494.24,163820.94
Africa,Kenya,Snacks,Online,M,07-11-2014,111252514,13-11-2014,9299,152.58,97.44,1418841.42,906094.56,512746.86
North America,Mexico,Household,Online,H,05-02-2017,400645882,10-02-2017,6339,668.27,502.54,4236163.53,3185601.06,1050562.47
South America,Brazil,Cosmetics,Online,M,13-07-2013,184197623,18-07-2013,1599,437.2,263.33,699082.8,421064.67,278018.13
South America,Brazil,Personal Care,Online,H,09-05-2016,382732471,12-05-2016,273,81.73,56.67,22312.29,15470.91,6841.38
Asia,India,Cereal,Offline,C,09-09-2017,842689610,12-09-2017,7283,205.7,117.11,1498113.1,852912.13,645200.97
Asia,Singapore,Cosmetics,Offline,C,06-03-2013,243884943,14-03-2013,5527,437.2,263.33,2416404.4,1455424.91,960979.49
North America,Mexico,Personal Care,Offline,C,29-03-2015,423998419,06-04-2015,6956,81.73,56.67,568513.88,394196.52,174317.36
South America,Chile,Personal Care,Offline,C,12-11-2013,454001486,15-11-2013,8514,81.73,56.67,695849.22,482488.38,213360.84
Australia and Oceania,Australia,Beverages,Offline,H,12-02-2010,874093745,19-02-2010,6802,47.45,31.79,322754.9,216235.58,106519.32
Asia,Japan,Office Supplies,Online,L,18-12-2013,902047455,28-12-2013,6038,651.21,524.96,3932005.98,3169708.48,762297.5
Asia,Singapore,Office Supplies,Offline,L,16-04-2010,177755937,18-04-2010,5956,651.21,524.96,3878606.76,3126661.76,751945
South America,Chile,Cosmetics,Online,C,18-08-2012,857744275,25-08-2012,115,437.2,263.33,50278,30282.95,19995.05
South America,Brazil,Fruits,Online,C,24-06-2010,404112385,04-07-2010,1670,9.33,6.92,15581.1,11556.4,4024.7
North America,United States,Personal Care,Online,C,07-06-2014,840419393,15-06-2014,2095,81.73,56.67,171224.35,118723.65,52500.7
North America,Mexico,Baby Food,Offline,H,15-09-2013,567304336,25-09-2013,7922,255.28,159.42,2022328.16,1262925.24,759402.92
Africa,Libya,Cereal,Offline,C,01-08-2015,527994426,02-08-2015,3022,205.7,117.11,621625.4,353906.42,267718.98
Australia and Oceania,Australia,Cosmetics,Offline,C,16-10-2012,249595035,22-10-2012,2502,437.2,263.33,1093874.4,658851.66,435022.74
Australia and Oceania,Australia,Beverages,Offline,C,16-10-2013,371929150,26-10-2013,1427,47.45,31.79,67711.15,45364.33,22346.82
North America,Mexico,Cosmetics,Offline,C,22-05-2014,278506467,01-06-2014,6371,437.2,263.33,2785401.2,1677675.43,1107725.77
Australia and Oceania,Australia,Office Supplies,Online,C,09-06-2017,238746248,13-06-2017,5653,651.21,524.96,3681290.13,2967598.88,713691.25
Australia and Oceania,Australia,Clothes,Offline,L,13-03-2013,854101129,21-03-2013,4478,109.28,35.84,489355.84,160491.52,328864.32
North America,Mexico,Household,Online,M,27-01-2011,418556849,03-02-2011,490,668.27,502.54,327452.3,246244.6,81207.7
Asia,Japan,Snacks,Online,M,20-01-2014,924231371,30-01-2014,5834,152.58,97.44,890151.72,568464.96,321686.76
South America,Chile,Vegetables,Online,C,21-07-2015,297874200,24-07-2015,9934,154.06,90.93,1530432.04,903298.62,627133.42
Australia and Oceania,New Zealand,Personal Care,Online,M,14-06-2014,463248670,15-06-2014,2690,81.73,56.67,219853.7,152442.3,67411.4
Australia and Oceania,Australia,Vegetables,Offline,C,25-12-2013,706954350,27-12-2013,3405,154.06,90.93,524574.3,309616.65,214957.65
Australia and Oceania,New Zealand,Beverages,Offline,H,14-02-2011,454344759,23-02-2011,9400,47.45,31.79,446030,298826,147204
Asia,India,Office Supplies,Online,L,20-02-2017,623533016,22-02-2017,5104,651.21,524.96,3323775.84,2679395.84,644380
North America,United States,Fruits,Online,M,09-11-2012,797775447,13-11-2012,3825,9.33,6.92,35687.25,26469,9218.25
Asia,China,Cereal,Online,M,28-10-2013,480028106,05-11-2013,7067,205.7,117.11,1453681.9,827616.37,626065.53
Africa,Egypt,Office Supplies,Offline,H,28-10-2010,144393328,06-11-2010,4525,651.21,524.96,2946725.25,2375444,571281.25
Africa,Nigeria,Clothes,Online,H,12-08-2016,221099446,15-08-2016,5140,109.28,35.84,561699.2,184217.6,377481.6
South America,Argentina,Household,Online,C,01-01-2017,840053281,03-01-2017,6659,668.27,502.54,4450009.93,3346413.86,1103596.07
Africa,Nigeria,Baby Food,Online,M,16-09-2016,632607969,21-09-2016,6463,255.28,159.42,1649874.64,1030331.46,619543.18
Africa,Libya,Beverages,Online,H,04-03-2010,293131255,12-03-2010,6207,47.45,31.79,294522.15,197320.53,97201.62
Asia,Singapore,Office Supplies,Offline,C,04-11-2012,941391556,05-11-2012,7378,651.21,524.96,4804627.38,3873154.88,931472.5
North America,Mexico,Personal Care,Offline,C,24-01-2013,495474125,02-02-2013,720,81.73,56.67,58845.6,40802.4,18043.2
South America,Argentina,Vegetables,Online,H,05-08-2012,656942282,10-08-2012,8433,154.06,90.93,1299187.98,766812.69,532375.29
North America,United States,Beverages,Offline,C,20-10-2016,701069214,28-10-2016,8864,47.45,31.79,420596.8,281786.56,138810.24
South America,Argentina,Snacks,Offline,C,05-11-2013,388574289,10-11-2013,3989,152.58,97.44,608641.62,388688.16,219953.46
North America,Canada,Personal Care,Offline,L,22-02-2016,384080136,27-02-2016,8588,81.73,56.67,701897.24,486681.96,215215.28
North America,Mexico,Office Supplies,Offline,L,11-05-2014,593741764,19-05-2014,677,651.21,524.96,440869.17,355397.92,85471.25
Australia and Oceania,Australia,Office Supplies,Online,L,24-05-2014,812203422,26-05-2014,4727,651.21,524.96,3078269.67,2481485.92,596783.75
Asia,India,Snacks,Offline,C,25-08-2011,340279097,29-08-2011,6409,152.58,97.44,977885.22,624492.96,353392.26
Asia,Japan,Clothes,Online,M,17-06-2013,496394706,26-06-2013,4322,109.28,35.84,472308.16,154900.48,317407.68
Europe,Italy,Snacks,Offline,M,21-10-2015,689528311,28-10-2015,7729,152.58,97.44,1179290.82,753113.76,426177.06
South America,Brazil,Household,Online,M,06-02-2011,344684678,16-02-2011,4860,668.27,502.54,3247792.2,2442344.4,805447.8
Australia and Oceania,New Zealand,Cereal,Online,H,02-12-2013,502140200,08-12-2013,4940,205.7,117.11,1016158,578523.4,437634.6
Asia,Singapore,Beverages,Online,C,11-12-2012,910689194,15-12-2012,1578,47.45,31.79,74876.1,50164.62,24711.48
South America,Brazil,Personal Care,Online,M,27-11-2014,724399053,28-11-2014,2858,81.73,56.67,233584.34,161962.86,71621.48
South America,Argentina,Beverages,Online,C,23-03-2015,298305680,27-03-2015,2380,47.45,31.79,112931,75660.2,37270.8
North America,Canada,Household,Online,H,22-06-2016,997959616,24-06-2016,7388,668.27,502.54,4937178.76,3712765.52,1224413.24
Australia and Oceania,Fiji,Personal Care,Offline,L,20-06-2012,476818081,28-06-2012,2779,81.73,56.67,227127.67,157485.93,69641.74
Europe,Spain,Beverages,Offline,M,25-07-2015,135295653,04-08-2015,2480,47.45,31.79,117676,78839.2,38836.8
Asia,India,Clothes,Online,L,01-12-2015,687658926,05-12-2015,5413,109.28,35.84,591532.64,194001.92,397530.72
Asia,Japan,Personal Care,Offline,M,10-10-2013,245550989,20-10-2013,8202,81.73,56.67,670349.46,464807.34,205542.12
Europe,France,Clothes,Offline,C,05-07-2013,625653924,11-07-2013,5831,109.28,35.84,637211.68,208983.04,428228.64
Asia,Singapore,Fruits,Online,H,20-03-2017,225939103,24-03-2017,9283,9.33,6.92,86610.39,64238.36,22372.03
Europe,Italy,Personal Care,Online,H,15-08-2017,322022274,23-08-2017,4252,81.73,56.67,347515.96,240960.84,106555.12
Africa,Kenya,Snacks,Offline,M,02-06-2012,173019651,03-06-2012,2722,152.58,97.44,415322.76,265231.68,150091.08
Asia,Japan,Office Supplies,Offline,M,10-07-2016,530079487,17-07-2016,7007,651.21,524.96,4563028.47,3678394.72,884633.75
Europe,France,Office Supplies,Offline,L,19-06-2015,487184894,24-06-2015,1050,651.21,524.96,683770.5,551208,132562.5
Australia and Oceania,Australia,Snacks,Offline,L,05-12-2010,515738533,15-12-2010,1284,152.58,97.44,195912.72,125112.96,70799.76
Asia,India,Beverages,Offline,H,22-12-2014,402594645,25-12-2014,5835,47.45,31.79,276870.75,185494.65,91376.1
Africa,Libya,Vegetables,Offline,M,09-03-2012,681232811,12-03-2012,3057,154.06,90.93,470961.42,277973.01,192988.41
North America,United States,Cosmetics,Offline,L,01-05-2017,925944981,11-05-2017,260,437.2,263.33,113672,68465.8,45206.2
Australia and Oceania,Fiji,Office Supplies,Online,H,24-05-2013,200869636,01-06-2013,717,651.21,524.96,466917.57,376396.32,90521.25
North America,Mexico,Baby Food,Online,L,14-11-2013,577608149,21-11-2013,3523,255.28,159.42,899351.44,561636.66,337714.78
Australia and Oceania,New Zealand,Snacks,Offline,M,22-09-2012,227950865,01-10-2012,6597,152.58,97.44,1006570.26,642811.68,363758.58
Australia and Oceania,New Zealand,Cereal,Online,M,14-07-2011,866448255,22-07-2011,5836,205.7,117.11,1200465.2,683453.96,517011.24
North America,Mexico,Beverages,Online,L,10-09-2014,620020425,20-09-2014,4139,47.45,31.79,196395.55,131578.81,64816.74
South America,Chile,Household,Online,M,29-12-2015,114162206,30-12-2015,1936,668.27,502.54,1293770.72,972917.44,320853.28
Australia and Oceania,Fiji,Baby Food,Online,H,12-10-2011,886840809,13-10-2011,9768,255.28,159.42,2493575.04,1557214.56,936360.48
South America,Argentina,Fruits,Offline,M,02-10-2016,728435415,03-10-2016,9278,9.33,6.92,86563.74,64203.76,22359.98
Australia and Oceania,Australia,Fruits,Online,C,09-07-2016,734970159,15-07-2016,2652,9.33,6.92,24743.16,18351.84,6391.32
Australia and Oceania,Fiji,Personal Care,Offline,M,20-06-2016,894031464,29-06-2016,6777,81.73,56.67,553884.21,384052.59,169831.62
South America,Brazil,Office Supplies,Online,C,28-09-2013,460431816,07-10-2013,4084,651.21,524.96,2659541.64,2143936.64,515605
Australia and Oceania,Australia,Clothes,Offline,H,04-12-2013,588957295,12-12-2013,2555,109.28,35.84,279210.4,91571.2,187639.2
Africa,Kenya,Clothes,Offline,C,21-06-2013,477580431,27-06-2013,5025,109.28,35.84,549132,180096,369036
Africa,Nigeria,Vegetables,Online,C,22-01-2010,164216070,29-01-2010,837,154.06,90.93,128948.22,76108.41,52839.81
North America,Mexico,Personal Care,Online,L,01-04-2013,287780537,06-04-2013,963,81.73,56.67,78705.99,54573.21,24132.78
Australia and Oceania,New Zealand,Personal Care,Offline,H,20-12-2011,335699467,23-12-2011,4914,81.73,56.67,401621.22,278476.38,123144.84
Asia,China,Beverages,Online,L,17-06-2017,605430430,19-06-2017,4612,47.45,31.79,218839.4,146615.48,72223.92
Asia,Japan,Clothes,Offline,H,06-07-2010,257617711,09-07-2010,3662,109.28,35.84,400183.36,131246.08,268937.28
South America,Argentina,Household,Online,H,21-08-2014,125984377,25-08-2014,5553,668.27,502.54,3710903.31,2790604.62,920298.69
North America,United States,Cereal,Online,L,15-11-2010,654991403,24-11-2010,9170,205.7,117.11,1886269,1073898.7,812370.3
South America,Brazil,Snacks,Offline,C,31-08-2015,213378223,03-09-2015,4114,152.58,97.44,627714.12,400868.16,226845.96
Australia and Oceania,Fiji,Cosmetics,Offline,M,03-04-2011,807299053,12-04-2011,7805,437.2,263.33,3412346,2055290.65,1357055.35
Asia,Singapore,Personal Care,Offline,C,24-11-2012,209419106,30-11-2012,3844,81.73,56.67,314170.12,217839.48,96330.64
Europe,France,Beverages,Online,M,09-01-2013,269482083,11-01-2013,8974,47.45,31.79,425816.3,285283.46,140532.84
Europe,France,Household,Offline,H,24-03-2017,669324093,31-03-2017,4811,668.27,502.54,3215046.97,2417719.94,797327.03
North America,Canada,Beverages,Offline,C,17-05-2014,677012006,26-05-2014,5245,47.45,31.79,248875.25,166738.55,82136.7
Asia,India,Cereal,Offline,M,28-11-2010,862555773,06-12-2010,5824,205.7,117.11,1197996.8,682048.64,515948.16
Australia and Oceania,Australia,Baby Food,Offline,L,09-07-2010,253520750,10-07-2010,6339,255.28,159.42,1618219.92,1010563.38,607656.54
Europe,France,Snacks,Online,L,10-03-2010,382346533,20-03-2010,833,152.58,97.44,127099.14,81167.52,45931.62
South America,Chile,Clothes,Online,M,13-10-2011,107623365,23-10-2011,883,109.28,35.84,96494.24,31646.72,64847.52
Australia and Oceania,New Zealand,Cosmetics,Offline,H,28-09-2014,553044985,03-10-2014,6404,437.2,263.33,2799828.8,1686365.32,1113463.48
Europe,France,Beverages,Online,H,15-02-2015,340258488,16-02-2015,8281,47.45,31.79,392933.45,263252.99,129680.46
North America,United States,Vegetables,Online,H,12-05-2010,592211960,17-05-2010,6860,154.06,90.93,1056851.6,623779.8,433071.8
Australia and Oceania,New Zealand,Household,Offline,H,13-05-2010,420423166,22-05-2010,1689,668.27,502.54,1128708.03,848790.06,279917.97
Australia and Oceania,Fiji,Household,Online,L,02-01-2013,781923711,05-01-2013,2926,668.27,502.54,1955358.02,1470432.04,484925.98
South America,Brazil,Personal Care,Offline,M,11-07-2011,220135419,13-07-2011,4342,81.73,56.67,354871.66,246061.14,108810.52
South America,Chile,Cosmetics,Online,L,01-12-2012,161432114,07-12-2012,1098,437.2,263.33,480045.6,289136.34,190909.26
Africa,Egypt,Personal Care,Online,H,05-09-2015,921650986,08-09-2015,9894,81.73,56.67,808636.62,560692.98,247943.64
Europe,Italy,Fruits,Offline,C,11-09-2016,273155390,14-09-2016,5268,9.33,6.92,49150.44,36454.56,12695.88
Europe,Spain,Fruits,Offline,M,31-05-2015,902122298,02-06-2015,3120,9.33,6.92,29109.6,21590.4,7519.2
North America,Mexico,Fruits,Offline,C,27-04-2013,371102482,05-05-2013,1678,9.33,6.92,15655.74,11611.76,4043.98
Australia and Oceania,Fiji,Snacks,Offline,C,14-02-2015,316377355,19-02-2015,5524,152.58,97.44,842851.92,538258.56,304593.36
Australia and Oceania,Australia,Cosmetics,Offline,L,29-07-2013,782132926,02-08-2013,3143,437.2,263.33,1374119.6,827646.19,546473.41
South America,Argentina,Snacks,Online,M,14-03-2014,168407639,17-03-2014,1868,152.58,97.44,285019.44,182017.92,103001.52
Australia and Oceania,Fiji,Vegetables,Offline,M,13-11-2011,481664601,16-11-2011,7599,154.06,90.93,1170701.94,690977.07,479724.87
Australia and Oceania,New Zealand,Vegetables,Offline,H,24-04-2014,931016452,02-05-2014,3149,154.06,90.93,485134.94,286338.57,198796.37
Australia and Oceania,New Zealand,Snacks,Online,M,09-10-2014,690810253,10-10-2014,3038,152.58,97.44,463538.04,296022.72,167515.32
South America,Argentina,Vegetables,Online,L,13-10-2016,853998676,17-10-2016,5951,154.06,90.93,916811.06,541124.43,375686.63
Africa,Libya,Beverages,Offline,H,22-01-2010,612773130,24-01-2010,7258,47.45,31.79,344392.1,230731.82,113660.28
South America,Brazil,Household,Online,H,28-08-2012,608286666,01-09-2012,6092,668.27,502.54,4071100.84,3061473.68,1009627.16
Africa,Nigeria,Cosmetics,Offline,L,29-05-2015,594524184,08-06-2015,2001,437.2,263.33,874837.2,526923.33,347913.87
Europe,France,Beverages,Online,C,26-03-2017,645559309,28-03-2017,463,47.45,31.79,21969.35,14718.77,7250.58
Australia and Oceania,Australia,Baby Food,Online,H,16-11-2010,964971015,19-11-2010,9534,255.28,159.42,2433839.52,1519910.28,913929.24
Europe,Germany,Fruits,Offline,L,15-05-2013,764566061,21-05-2013,6593,9.33,6.92,61512.69,45623.56,15889.13
Asia,India,Beverages,Online,H,21-01-2015,530404462,25-01-2015,5204,47.45,31.79,246929.8,165435.16,81494.64
Australia and Oceania,New Zealand,Personal Care,Online,M,15-05-2013,436448651,24-05-2013,3165,81.73,56.67,258675.45,179360.55,79314.9
North America,United States,Office Supplies,Offline,C,08-02-2011,194379974,09-02-2011,7775,651.21,524.96,5063157.75,4081564,981593.75
Europe,Germany,Personal Care,Offline,C,04-08-2016,201018444,05-08-2016,8875,81.73,56.67,725353.75,502946.25,222407.5
Australia and Oceania,New Zealand,Cereal,Online,C,29-05-2012,954361729,07-06-2012,9041,205.7,117.11,1859733.7,1058791.51,800942.19
South America,Chile,Household,Online,M,23-01-2013,608721681,31-01-2013,6696,668.27,502.54,4474735.92,3365007.84,1109728.08
Europe,France,Vegetables,Offline,H,26-08-2011,613448558,05-09-2011,5618,154.06,90.93,865509.08,510844.74,354664.34
Australia and Oceania,Australia,Beverages,Online,H,05-08-2014,142956638,12-08-2014,4773,47.45,31.79,226478.85,151733.67,74745.18
North America,United States,Beverages,Offline,H,14-05-2015,201513655,15-05-2015,233,47.45,31.79,11055.85,7407.07,3648.78
Australia and Oceania,Fiji,Household,Online,M,27-12-2014,833181277,01-01-2015,7740,668.27,502.54,5172409.8,3889659.6,1282750.2
Europe,Spain,Cereal,Online,M,16-09-2010,594112245,17-09-2010,322,205.7,117.11,66235.4,37709.42,28525.98
South America,Brazil,Personal Care,Offline,H,28-11-2016,957485721,03-12-2016,4516,81.73,56.67,369092.68,255921.72,113170.96
South America,Argentina,Snacks,Online,C,17-06-2011,132899673,18-06-2011,8165,152.58,97.44,1245815.7,795597.6,450218.1
South America,Chile,Cosmetics,Offline,M,31-01-2013,756610844,04-02-2013,8378,437.2,263.33,3662861.6,2206178.74,1456682.86
Asia,India,Fruits,Offline,L,24-02-2017,600534680,04-03-2017,8586,9.33,6.92,80107.38,59415.12,20692.26
North America,Canada,Fruits,Online,C,01-06-2012,915016744,06-06-2012,3363,9.33,6.92,31376.79,23271.96,8104.83
Asia,Singapore,Baby Food,Online,L,03-02-2017,761985347,13-02-2017,2316,255.28,159.42,591228.48,369216.72,222011.76
Australia and Oceania,Fiji,Clothes,Online,C,07-11-2017,687090200,12-11-2017,8116,109.28,35.84,886916.48,290877.44,596039.04
Europe,Germany,Household,Online,L,18-06-2011,416794848,28-06-2011,9062,668.27,502.54,6055862.74,4554017.48,1501845.26
South America,Brazil,Vegetables,Offline,L,07-01-2015,457829620,11-01-2015,8739,154.06,90.93,1346330.34,794637.27,551693.07
Europe,Spain,Clothes,Offline,M,03-03-2011,597013805,09-03-2011,3487,109.28,35.84,381059.36,124974.08,256085.28
Europe,Germany,Cereal,Offline,H,13-07-2012,881864620,15-07-2012,7255,205.7,117.11,1492353.5,849633.05,642720.45
Australia and Oceania,Fiji,Snacks,Online,L,16-02-2014,435692736,17-02-2014,288,152.58,97.44,43943.04,28062.72,15880.32
South America,Brazil,Baby Food,Offline,C,19-12-2017,636374998,23-12-2017,7955,255.28,159.42,2030752.4,1268186.1,762566.3
North America,Canada,Personal Care,Online,C,30-04-2017,259406944,05-05-2017,7218,81.73,56.67,589927.14,409044.06,180883.08
Europe,Spain,Snacks,Offline,C,17-10-2011,979258542,27-10-2011,3719,152.58,97.44,567445.02,362379.36,205065.66
Europe,Italy,Clothes,Offline,L,12-01-2013,988592520,18-01-2013,7430,109.28,35.84,811950.4,266291.2,545659.2
North America,Mexico,Clothes,Offline,H,06-07-2013,361569710,07-07-2013,927,109.28,35.84,101302.56,33223.68,68078.88
Europe,Italy,Snacks,Offline,M,29-10-2011,711380112,02-11-2011,8412,152.58,97.44,1283502.96,819665.28,463837.68
Europe,Spain,Household,Online,M,23-07-2016,608841104,02-08-2016,8810,668.27,502.54,5887458.7,4427377.4,1460081.3
Asia,Singapore,Fruits,Offline,L,18-01-2017,790165098,24-01-2017,9152,9.33,6.92,85388.16,63331.84,22056.32
North America,United States,Beverages,Offline,M,12-12-2013,805115965,15-12-2013,2158,47.45,31.79,102397.1,68602.82,33794.28
Australia and Oceania,Australia,Cosmetics,Offline,H,29-05-2010,824288364,02-06-2010,1564,437.2,263.33,683780.8,411848.12,271932.68
Asia,Singapore,Baby Food,Online,L,21-08-2017,904156026,27-08-2017,7856,255.28,159.42,2005479.68,1252403.52,753076.16
South America,Brazil,Personal Care,Online,M,23-10-2014,190822946,28-10-2014,4351,81.73,56.67,355607.23,246571.17,109036.06
Asia,China,Fruits,Offline,H,24-07-2016,990708022,01-08-2016,2242,9.33,6.92,20917.86,15514.64,5403.22
Africa,Nigeria,Clothes,Online,C,28-07-2017,519882787,06-08-2017,7876,109.28,35.84,860689.28,282275.84,578413.44
Australia and Oceania,New Zealand,Snacks,Offline,C,16-10-2011,706785261,26-10-2011,3580,152.58,97.44,546236.4,348835.2,197401.2
Asia,Singapore,Office Supplies,Offline,L,11-08-2015,209519967,16-08-2015,6906,651.21,524.96,4497256.26,3625373.76,871882.5
North America,Canada,Personal Care,Offline,M,15-07-2012,207114384,24-07-2012,3872,81.73,56.67,316458.56,219426.24,97032.32
Asia,China,Baby Food,Offline,C,02-05-2014,873001636,05-05-2014,5611,255.28,159.42,1432376.08,894505.62,537870.46
Africa,Kenya,Personal Care,Offline,C,29-09-2012,762449472,30-09-2012,8088,81.73,56.67,661032.24,458346.96,202685.28
Africa,Egypt,Cereal,Offline,M,07-09-2011,974793933,17-09-2011,377,205.7,117.11,77548.9,44150.47,33398.43
South America,Argentina,Beverages,Online,L,29-05-2015,162762562,07-06-2015,9500,47.45,31.79,450775,302005,148770
Australia and Oceania,Australia,Fruits,Offline,L,16-11-2016,125428321,26-11-2016,4413,9.33,6.92,41173.29,30537.96,10635.33
South America,Argentina,Cosmetics,Online,H,08-05-2013,646816477,17-05-2013,7467,437.2,263.33,3264572.4,1966285.11,1298287.29
North America,Canada,Beverages,Offline,C,08-11-2013,967271582,10-11-2013,6767,47.45,31.79,321094.15,215122.93,105971.22
South America,Brazil,Clothes,Offline,H,20-05-2015,303640345,27-05-2015,3818,109.28,35.84,417231.04,136837.12,280393.92
North America,Mexico,Snacks,Online,C,30-09-2011,654632518,03-10-2011,4616,152.58,97.44,704309.28,449783.04,254526.24
Africa,Kenya,Vegetables,Online,C,14-06-2012,729354616,16-06-2012,6213,154.06,90.93,957174.78,564948.09,392226.69
Australia and Oceania,Australia,Beverages,Offline,H,19-02-2012,636919488,24-02-2012,4011,47.45,31.79,190321.95,127509.69,62812.26
Asia,China,Clothes,Offline,C,24-07-2010,740030174,25-07-2010,7159,109.28,35.84,782335.52,256578.56,525756.96
Australia and Oceania,New Zealand,Office Supplies,Online,H,07-01-2014,480087729,09-01-2014,553,651.21,524.96,360119.13,290302.88,69816.25
North America,Canada,Baby Food,Offline,H,13-11-2010,950595751,17-11-2010,6164,255.28,159.42,1573545.92,982664.88,590881.04
Africa,Kenya,Cereal,Online,L,25-02-2012,424071677,02-03-2012,5309,205.7,117.11,1092061.3,621736.99,470324.31
North America,United States,Fruits,Offline,M,08-05-2015,399696647,10-05-2015,3367,9.33,6.92,31414.11,23299.64,8114.47
Africa,Nigeria,Office Supplies,Offline,C,09-11-2014,348334960,18-11-2014,7995,651.21,524.96,5206423.95,4197055.2,1009368.75
Asia,India,Household,Online,H,28-12-2014,999746930,30-12-2014,4326,668.27,502.54,2890936.02,2173988.04,716947.98
South America,Brazil,Personal Care,Offline,L,12-09-2013,770041156,19-09-2013,8690,81.73,56.67,710233.7,492462.3,217771.4
Asia,Japan,Clothes,Offline,M,16-07-2016,324761655,22-07-2016,8611,109.28,35.84,941010.08,308618.24,632391.84
South America,Argentina,Cereal,Online,L,23-11-2011,745735141,03-12-2011,3927,205.7,117.11,807783.9,459890.97,347892.93
Asia,China,Beverages,Online,H,18-10-2013,579559380,19-10-2013,3548,47.45,31.79,168352.6,112790.92,55561.68
Asia,Singapore,Beverages,Online,H,30-10-2014,458545254,09-11-2014,1219,47.45,31.79,57841.55,38752.01,19089.54
Asia,Japan,Vegetables,Offline,M,14-01-2012,424968962,23-01-2012,2754,154.06,90.93,424281.24,250421.22,173860.02
Africa,Libya,Baby Food,Offline,M,27-09-2017,601900759,02-10-2017,7928,255.28,159.42,2023859.84,1263881.76,759978.08
North America,Canada,Household,Online,L,12-03-2012,685486767,14-03-2012,7956,668.27,502.54,5316756.12,3998208.24,1318547.88
Africa,Egypt,Baby Food,Offline,M,07-11-2016,644792350,09-11-2016,6761,255.28,159.42,1725948.08,1077838.62,648109.46
Australia and Oceania,Fiji,Cereal,Offline,L,30-10-2013,866564347,02-11-2013,7652,205.7,117.11,1574016.4,896125.72,677890.68
North America,Mexico,Cosmetics,Online,L,23-10-2015,689997005,02-11-2015,6462,437.2,263.33,2825186.4,1701638.46,1123547.94
Asia,Japan,Snacks,Offline,M,07-03-2017,635499532,09-03-2017,9506,152.58,97.44,1450425.48,926264.64,524160.84
Asia,India,Cereal,Online,H,02-02-2014,790097609,08-02-2014,8121,205.7,117.11,1670489.7,951050.31,719439.39
South America,Argentina,Office Supplies,Offline,L,21-01-2014,640877135,27-01-2014,8464,651.21,524.96,5511841.44,4443261.44,1068580
Europe,Spain,Household,Online,H,11-03-2017,684233652,21-03-2017,6529,668.27,502.54,4363134.83,3281083.66,1082051.17
Australia and Oceania,Australia,Personal Care,Online,M,25-10-2012,312973495,30-10-2012,5682,81.73,56.67,464389.86,321998.94,142390.92
Asia,Singapore,Baby Food,Online,L,04-09-2017,284556070,08-09-2017,7504,255.28,159.42,1915621.12,1196287.68,719333.44
Europe,Italy,Office Supplies,Offline,C,26-09-2015,914604490,30-09-2015,5169,651.21,524.96,3366104.49,2713518.24,652586.25
South America,Brazil,Household,Online,C,05-07-2015,960122977,14-07-2015,574,668.27,502.54,383586.98,288457.96,95129.02
Africa,Egypt,Household,Online,L,30-03-2017,748975739,02-04-2017,3217,668.27,502.54,2149824.59,1616671.18,533153.41
Asia,Japan,Office Supplies,Offline,C,09-02-2014,483387811,11-02-2014,883,651.21,524.96,575018.43,463539.68,111478.75
South America,Argentina,Fruits,Online,L,19-04-2012,949755301,20-04-2012,4746,9.33,6.92,44280.18,32842.32,11437.86
North America,Mexico,Fruits,Online,M,04-03-2010,952206915,12-03-2010,2963,9.33,6.92,27644.79,20503.96,7140.83
Asia,Japan,Cereal,Offline,C,14-08-2012,848941498,17-08-2012,8773,205.7,117.11,1804606.1,1027406.03,777200.07
Europe,France,Fruits,Online,L,25-05-2010,142198826,27-05-2010,480,9.33,6.92,4478.4,3321.6,1156.8
Australia and Oceania,New Zealand,Personal Care,Online,C,05-02-2011,122097114,14-02-2011,4089,81.73,56.67,334193.97,231723.63,102470.34
Europe,Italy,Office Supplies,Offline,L,23-05-2010,206213458,30-05-2010,312,651.21,524.96,203177.52,163787.52,39390
North America,United States,Clothes,Offline,L,13-01-2012,572775037,19-01-2012,9462,109.28,35.84,1034007.36,339118.08,694889.28
Africa,Kenya,Fruits,Online,L,02-10-2016,687751871,08-10-2016,4816,9.33,6.92,44933.28,33326.72,11606.56
Australia and Oceania,New Zealand,Cosmetics,Online,L,17-07-2010,240818524,20-07-2010,2605,437.2,263.33,1138906,685974.65,452931.35
Asia,Japan,Cosmetics,Online,M,08-08-2014,607340307,18-08-2014,4038,437.2,263.33,1765413.6,1063326.54,702087.06
Asia,China,Personal Care,Offline,C,22-05-2013,919460285,30-05-2013,7375,81.73,56.67,602758.75,417941.25,184817.5
Asia,China,Household,Offline,L,11-01-2016,581771617,20-01-2016,8994,668.27,502.54,6010420.38,4519844.76,1490575.62
North America,Mexico,Fruits,Offline,L,24-03-2017,136035850,29-03-2017,3944,9.33,6.92,36797.52,27292.48,9505.04
Asia,India,Clothes,Online,H,03-10-2016,169008053,13-10-2016,4680,109.28,35.84,511430.4,167731.2,343699.2
Africa,Egypt,Cereal,Online,H,01-06-2013,417973012,06-06-2013,5130,205.7,117.11,1055241,600774.3,454466.7
Australia and Oceania,New Zealand,Fruits,Online,L,31-10-2015,366197546,08-11-2015,6161,9.33,6.92,57482.13,42634.12,14848.01
Asia,China,Personal Care,Offline,L,28-01-2017,796275599,05-02-2017,1511,81.73,56.67,123494.03,85628.37,37865.66
Africa,Nigeria,Personal Care,Offline,H,26-07-2012,336196579,02-08-2012,2561,81.73,56.67,209310.53,145131.87,64178.66
South America,Brazil,Baby Food,Online,C,13-02-2012,745595350,21-02-2012,975,255.28,159.42,248898,155434.5,93463.5
North America,Canada,Office Supplies,Online,C,07-01-2012,508986302,13-01-2012,9054,651.21,524.96,5896055.34,4752987.84,1143067.5
Europe,France,Beverages,Online,L,31-01-2015,322183505,09-02-2015,3870,47.45,31.79,183631.5,123027.3,60604.2
Africa,Kenya,Clothes,Offline,M,03-05-2012,261233666,06-05-2012,6815,109.28,35.84,744743.2,244249.6,500493.6
Africa,Libya,Personal Care,Online,M,03-04-2015,739055197,11-04-2015,6037,81.73,56.67,493404.01,342116.79,151287.22
Asia,Singapore,Baby Food,Offline,H,07-10-2015,908924925,14-10-2015,3692,255.28,159.42,942493.76,588578.64,353915.12
South America,Brazil,Household,Online,M,30-04-2013,619479722,02-05-2013,4970,668.27,502.54,3321301.9,2497623.8,823678.1
Europe,Italy,Vegetables,Offline,H,24-10-2014,908422280,27-10-2014,6591,154.06,90.93,1015409.46,599319.63,416089.83
Australia and Oceania,Australia,Baby Food,Offline,C,15-08-2013,557443783,16-08-2013,5896,255.28,159.42,1505130.88,939940.32,565190.56
South America,Chile,Cosmetics,Offline,C,09-07-2015,372118370,10-07-2015,5868,437.2,263.33,2565489.6,1545220.44,1020269.16
South America,Argentina,Fruits,Offline,L,06-06-2014,758751154,12-06-2014,2365,9.33,6.92,22065.45,16365.8,5699.65
North America,Canada,Personal Care,Offline,L,14-04-2010,851786504,23-04-2010,8534,81.73,56.67,697483.82,483621.78,213862.04
North America,United States,Household,Online,M,15-07-2017,263691173,23-07-2017,5000,668.27,502.54,3341350,2512700,828650
Australia and Oceania,Australia,Personal Care,Offline,L,19-08-2017,327987376,26-08-2017,1852,81.73,56.67,151363.96,104952.84,46411.12
South America,Brazil,Clothes,Offline,C,27-04-2011,961543600,28-04-2011,7414,109.28,35.84,810201.92,265717.76,544484.16
Australia and Oceania,Fiji,Cereal,Online,H,16-11-2014,263146018,24-11-2014,3008,205.7,117.11,618745.6,352266.88,266478.72
North America,Mexico,Vegetables,Online,H,21-10-2012,108373508,30-10-2012,7823,154.06,90.93,1205211.38,711345.39,493865.99
Australia and Oceania,New Zealand,Baby Food,Offline,H,13-06-2013,646615068,21-06-2013,8014,255.28,159.42,2045813.92,1277591.88,768222.04
Europe,Germany,Personal Care,Offline,H,05-12-2017,969725270,11-12-2017,250,81.73,56.67,20432.5,14167.5,6265
North America,United States,Cereal,Online,M,22-02-2010,942593996,27-02-2010,5634,205.7,117.11,1158913.8,659797.74,499116.06
North America,United States,Fruits,Offline,L,17-08-2011,892364547,26-08-2011,3884,9.33,6.92,36237.72,26877.28,9360.44
Africa,Egypt,Cosmetics,Offline,M,12-09-2012,219994245,13-09-2012,6595,437.2,263.33,2883334,1736661.35,1146672.65
Australia and Oceania,Fiji,Baby Food,Offline,L,04-04-2015,345396285,09-04-2015,3517,255.28,159.42,897819.76,560680.14,337139.62
North America,Mexico,Snacks,Online,H,18-01-2015,555848769,23-01-2015,7374,152.58,97.44,1125124.92,718522.56,406602.36
Africa,Libya,Personal Care,Offline,H,07-12-2015,326214110,08-12-2015,7835,81.73,56.67,640354.55,444009.45,196345.1
North America,Canada,Cereal,Offline,L,30-08-2010,337043715,06-09-2010,8981,205.7,117.11,1847391.7,1051764.91,795626.79
South America,Chile,Baby Food,Offline,M,29-04-2013,618572123,03-05-2013,6027,255.28,159.42,1538572.56,960824.34,577748.22
Asia,China,Household,Online,C,20-02-2016,512778023,27-02-2016,2735,668.27,502.54,1827718.45,1374446.9,453271.55
Asia,Japan,Cosmetics,Offline,M,23-09-2012,916956264,29-09-2012,7177,437.2,263.33,3137784.4,1889919.41,1247864.99
Australia and Oceania,New Zealand,Beverages,Offline,M,19-09-2011,431713196,28-09-2011,3231,47.45,31.79,153310.95,102713.49,50597.46
Asia,China,Personal Care,Offline,M,01-05-2015,258866322,08-05-2015,6196,81.73,56.67,506399.08,351127.32,155271.76
South America,Chile,Cereal,Online,M,26-03-2010,811710560,30-03-2010,8958,205.7,117.11,1842660.6,1049071.38,793589.22
Africa,Kenya,Cosmetics,Online,C,21-01-2010,906614612,24-01-2010,3842,437.2,263.33,1679722.4,1011713.86,668008.54
South America,Argentina,Baby Food,Offline,C,31-03-2016,415193148,02-04-2016,621,255.28,159.42,158528.88,98999.82,59529.06
South America,Brazil,Office Supplies,Offline,H,20-02-2016,913646436,25-02-2016,7634,651.21,524.96,4971337.14,4007544.64,963792.5
Europe,Germany,Snacks,Online,H,04-04-2015,642198857,13-04-2015,7874,152.58,97.44,1201414.92,767242.56,434172.36
Australia and Oceania,Fiji,Household,Offline,M,18-05-2010,314794897,21-05-2010,8890,668.27,502.54,5940920.3,4467580.6,1473339.7
South America,Argentina,Personal Care,Offline,H,01-03-2012,347156768,04-03-2012,5288,81.73,56.67,432188.24,299670.96,132517.28
Asia,China,Baby Food,Online,L,20-10-2013,766508599,25-10-2013,4206,255.28,159.42,1073707.68,670520.52,403187.16
Australia and Oceania,Fiji,Personal Care,Offline,L,31-12-2011,852883605,06-01-2012,7270,81.73,56.67,594177.1,411990.9,182186.2
Africa,Egypt,Cosmetics,Online,C,01-03-2014,268456254,11-03-2014,7446,437.2,263.33,3255391.2,1960755.18,1294636.02
South America,Brazil,Cosmetics,Online,L,21-09-2013,201996264,26-09-2013,3609,437.2,263.33,1577854.8,950357.97,627496.83
Africa,Nigeria,Office Supplies,Offline,L,10-11-2016,810372064,15-11-2016,656,651.21,524.96,427193.76,344373.76,82820
Australia and Oceania,Australia,Office Supplies,Offline,C,22-06-2014,213777087,25-06-2014,4514,651.21,524.96,2939561.94,2369669.44,569892.5
Africa,Kenya,Personal Care,Online,H,15-11-2011,580084694,19-11-2011,9423,81.73,56.67,770141.79,534001.41,236140.38
South America,Chile,Cereal,Online,C,21-07-2010,668958730,24-07-2010,3549,205.7,117.11,730029.3,415623.39,314405.91
South America,Chile,Clothes,Online,H,17-12-2010,532515704,24-12-2010,7184,109.28,35.84,785067.52,257474.56,527592.96
Asia,Japan,Personal Care,Online,H,03-03-2012,537252653,13-03-2012,8838,81.73,56.67,722329.74,500849.46,221480.28
North America,Mexico,Household,Online,L,05-12-2017,926978622,13-12-2017,4515,668.27,502.54,3017239.05,2268968.1,748270.95
Australia and Oceania,Fiji,Household,Offline,L,12-07-2012,584289786,19-07-2012,5485,668.27,502.54,3665460.95,2756431.9,909029.05
Africa,Egypt,Personal Care,Online,C,28-10-2011,703725712,30-10-2011,1073,81.73,56.67,87696.29,60806.91,26889.38
North America,Mexico,Snacks,Online,L,21-05-2011,830283367,24-05-2011,6753,152.58,97.44,1030372.74,658012.32,372360.42
Europe,Spain,Snacks,Offline,C,06-06-2016,606579630,15-06-2016,8345,152.58,97.44,1273280.1,813136.8,460143.3
Australia and Oceania,Australia,Cosmetics,Online,C,16-06-2013,231552852,17-06-2013,4858,437.2,263.33,2123917.6,1279257.14,844660.46
Europe,France,Fruits,Offline,L,21-12-2012,890021771,28-12-2012,8186,9.33,6.92,76375.38,56647.12,19728.26
Europe,Germany,Snacks,Offline,H,23-05-2015,905560992,27-05-2015,2873,152.58,97.44,438362.34,279945.12,158417.22
North America,United States,Cereal,Offline,C,20-10-2010,501652424,27-10-2010,8937,205.7,117.11,1838340.9,1046612.07,791728.83
Asia,Japan,Household,Offline,H,31-05-2014,187110348,08-06-2014,7392,668.27,502.54,4939851.84,3714775.68,1225076.16
Asia,Singapore,Beverages,Online,L,12-07-2014,453390403,13-07-2014,9222,47.45,31.79,437583.9,293167.38,144416.52
Asia,China,Office Supplies,Offline,H,04-04-2015,468146318,07-04-2015,4908,651.21,524.96,3196138.68,2576503.68,619635
Africa,Libya,Fruits,Offline,L,27-02-2014,889141831,01-03-2014,6497,9.33,6.92,60617.01,44959.24,15657.77
South America,Chile,Fruits,Offline,M,04-11-2010,770911025,09-11-2010,3306,9.33,6.92,30844.98,22877.52,7967.46
Africa,Libya,Personal Care,Online,C,09-01-2010,200466857,17-01-2010,990,81.73,56.67,80912.7,56103.3,24809.4
Europe,Italy,Office Supplies,Online,M,19-01-2017,423820897,29-01-2017,332,651.21,524.96,216201.72,174286.72,41915
North America,Mexico,Vegetables,Online,C,08-06-2010,396905266,13-06-2010,7101,154.06,90.93,1093980.06,645693.93,448286.13
Australia and Oceania,New Zealand,Household,Offline,H,15-06-2010,312272677,21-06-2010,4847,668.27,502.54,3239104.69,2435811.38,803293.31
Australia and Oceania,New Zealand,Personal Care,Offline,L,24-04-2014,202612033,25-04-2014,7684,81.73,56.67,628013.32,435452.28,192561.04
North America,Canada,Cereal,Offline,L,09-10-2014,850542751,15-10-2014,6207,205.7,117.11,1276779.9,726901.77,549878.13
South America,Brazil,Household,Online,M,21-04-2017,280113965,27-04-2017,5365,668.27,502.54,3585268.55,2696127.1,889141.45
South America,Brazil,Office Supplies,Offline,H,06-09-2017,166306398,08-09-2017,1694,651.21,524.96,1103149.74,889282.24,213867.5
Asia,India,Clothes,Offline,M,31-03-2010,853793883,09-04-2010,3437,109.28,35.84,375595.36,123182.08,252413.28
Asia,Singapore,Cereal,Online,L,01-02-2015,707920165,02-02-2015,3544,205.7,117.11,729000.8,415037.84,313962.96
South America,Chile,Fruits,Online,L,29-03-2014,104574106,05-04-2014,1146,9.33,6.92,10692.18,7930.32,2761.86
Australia and Oceania,New Zealand,Baby Food,Online,M,09-09-2012,695198729,17-09-2012,6653,255.28,159.42,1698377.84,1060621.26,637756.58
Africa,Libya,Personal Care,Offline,C,13-02-2012,736605795,16-02-2012,4637,81.73,56.67,378982.01,262778.79,116203.22
North America,Mexico,Baby Food,Online,M,06-06-2016,503009248,07-06-2016,5659,255.28,159.42,1444629.52,902157.78,542471.74
Australia and Oceania,Fiji,Vegetables,Offline,C,09-03-2014,866177927,13-03-2014,2426,154.06,90.93,373749.56,220596.18,153153.38
Africa,Egypt,Office Supplies,Offline,H,09-05-2017,373609686,10-05-2017,4918,651.21,524.96,3202650.78,2581753.28,620897.5
Africa,Libya,Beverages,Online,L,14-03-2016,183210641,24-03-2016,305,47.45,31.79,14472.25,9695.95,4776.3
Africa,Libya,Baby Food,Offline,L,08-11-2015,846464969,14-11-2015,3846,255.28,159.42,981806.88,613129.32,368677.56
Europe,Spain,Personal Care,Offline,M,29-08-2012,385485716,08-09-2012,8124,81.73,56.67,663974.52,460387.08,203587.44
Asia,Singapore,Household,Online,C,17-08-2011,316969123,22-08-2011,9956,668.27,502.54,6653296.12,5003288.24,1650007.88
North America,Mexico,Cosmetics,Online,C,15-09-2010,928865510,17-09-2010,8788,437.2,263.33,3842113.6,2314144.04,1527969.56
South America,Argentina,Beverages,Offline,C,10-09-2013,742597394,13-09-2013,149,47.45,31.79,7070.05,4736.71,2333.34
South America,Brazil,Household,Offline,M,01-10-2012,905686139,08-10-2012,6926,668.27,502.54,4628438.02,3480592.04,1147845.98
North America,United States,Beverages,Online,C,24-09-2012,595559758,25-09-2012,7586,47.45,31.79,359955.7,241158.94,118796.76
South America,Chile,Vegetables,Offline,M,25-06-2014,504081858,28-06-2014,3270,154.06,90.93,503776.2,297341.1,206435.1
Asia,China,Clothes,Offline,L,23-05-2013,404625389,31-05-2013,8173,109.28,35.84,893145.44,292920.32,600225.12
South America,Argentina,Beverages,Offline,M,27-06-2012,465585105,01-07-2012,3252,47.45,31.79,154307.4,103381.08,50926.32
Asia,Japan,Cereal,Offline,L,12-01-2016,591157904,18-01-2016,1653,205.7,117.11,340022.1,193582.83,146439.27
Asia,China,Cereal,Online,H,05-03-2013,137597280,12-03-2013,6060,205.7,117.11,1246542,709686.6,536855.4
Australia and Oceania,Fiji,Fruits,Offline,H,19-11-2014,629031538,25-11-2014,3825,9.33,6.92,35687.25,26469,9218.25
North America,United States,Household,Offline,C,25-09-2010,678871253,02-10-2010,5000,668.27,502.54,3341350,2512700,828650
Australia and Oceania,New Zealand,Personal Care,Online,C,21-10-2011,528325370,30-10-2011,2401,81.73,56.67,196233.73,136064.67,60169.06
South America,Brazil,Household,Offline,L,21-07-2017,850131371,29-07-2017,6354,668.27,502.54,4246187.58,3193139.16,1053048.42
Europe,Italy,Cereal,Online,M,16-08-2015,260931457,26-08-2015,6468,205.7,117.11,1330467.6,757467.48,573000.12
Europe,France,Beverages,Offline,L,26-05-2016,535871410,04-06-2016,2131,47.45,31.79,101115.95,67744.49,33371.46
North America,United States,Snacks,Online,H,17-03-2015,141377459,26-03-2015,1126,152.58,97.44,171805.08,109717.44,62087.64
South America,Brazil,Cosmetics,Offline,C,25-12-2010,655470486,26-12-2010,4681,437.2,263.33,2046533.2,1232647.73,813885.47
Australia and Oceania,New Zealand,Beverages,Online,H,21-03-2013,911159844,23-03-2013,8741,47.45,31.79,414760.45,277876.39,136884.06
North America,Mexico,Beverages,Online,M,13-04-2011,313547803,19-04-2011,938,47.45,31.79,44508.1,29819.02,14689.08
South America,Argentina,Baby Food,Offline,L,08-01-2011,648814359,14-01-2011,2767,255.28,159.42,706359.76,441115.14,265244.62
Europe,Germany,Vegetables,Offline,C,03-06-2016,787833224,08-06-2016,1785,154.06,90.93,274997.1,162310.05,112687.05
Asia,India,Personal Care,Offline,L,21-10-2016,797643478,25-10-2016,222,81.73,56.67,18144.06,12580.74,5563.32
North America,United States,Beverages,Online,L,24-05-2013,352693749,03-06-2013,4352,47.45,31.79,206502.4,138350.08,68152.32
South America,Argentina,Household,Offline,M,03-11-2010,354711580,09-11-2010,5359,668.27,502.54,3581258.93,2693111.86,888147.07
Asia,Singapore,Cereal,Offline,L,28-06-2014,382287321,02-07-2014,1046,205.7,117.11,215162.2,122497.06,92665.14
Europe,Spain,Office Supplies,Offline,C,28-07-2010,778853953,29-07-2010,9985,651.21,524.96,6502331.85,5241725.6,1260606.25
Asia,Singapore,Fruits,Offline,L,05-08-2010,389847169,15-08-2010,5667,9.33,6.92,52873.11,39215.64,13657.47
North America,Canada,Snacks,Online,M,29-12-2016,683356313,08-01-2017,5223,152.58,97.44,796925.34,508929.12,287996.22
Africa,Nigeria,Vegetables,Online,L,29-12-2011,103874895,31-12-2011,9137,154.06,90.93,1407646.22,830827.41,576818.81
Africa,Libya,Vegetables,Online,L,31-12-2015,732857683,03-01-2016,4798,154.06,90.93,739179.88,436282.14,302897.74
Europe,Spain,Beverages,Online,M,25-05-2011,664968744,30-05-2011,4180,47.45,31.79,198341,132882.2,65458.8
Australia and Oceania,Australia,Clothes,Offline,L,16-04-2017,993508470,23-04-2017,4807,109.28,35.84,525308.96,172282.88,353026.08
Asia,China,Baby Food,Online,M,14-12-2017,342799671,22-12-2017,2424,255.28,159.42,618798.72,386434.08,232364.64
Asia,Singapore,Vegetables,Offline,H,14-08-2010,870884106,17-08-2010,9812,154.06,90.93,1511636.72,892205.16,619431.56
South America,Brazil,Cereal,Offline,M,27-11-2015,368327357,07-12-2015,6211,205.7,117.11,1277602.7,727370.21,550232.49
Europe,France,Cosmetics,Online,L,08-12-2017,644437921,15-12-2017,4300,437.2,263.33,1879960,1132319,747641
North America,United States,Fruits,Offline,C,12-11-2015,407713103,14-11-2015,9644,9.33,6.92,89978.52,66736.48,23242.04
South America,Brazil,Cereal,Online,H,12-12-2015,445636446,22-12-2015,1124,205.7,117.11,231206.8,131631.64,99575.16
North America,Mexico,Vegetables,Offline,M,23-09-2016,349526860,26-09-2016,9435,154.06,90.93,1453556.1,857924.55,595631.55
Africa,Nigeria,Cereal,Offline,M,13-10-2010,667730275,19-10-2010,6122,205.7,117.11,1259295.4,716947.42,542347.98
North America,United States,Baby Food,Offline,H,16-09-2014,271265935,19-09-2014,3666,255.28,159.42,935856.48,584433.72,351422.76
North America,United States,Baby Food,Online,M,15-01-2012,398013312,22-01-2012,2782,255.28,159.42,710188.96,443506.44,266682.52
Australia and Oceania,Australia,Personal Care,Offline,C,21-04-2014,202135741,27-04-2014,9848,81.73,56.67,804877.04,558086.16,246790.88
North America,Mexico,Beverages,Offline,M,24-05-2015,779962436,30-05-2015,2337,47.45,31.79,110890.65,74293.23,36597.42
Asia,China,Fruits,Offline,C,30-08-2013,310434382,09-09-2013,5281,9.33,6.92,49271.73,36544.52,12727.21
North America,Canada,Beverages,Offline,M,15-08-2012,406213436,18-08-2012,9402,47.45,31.79,446124.9,298889.58,147235.32
Australia and Oceania,Fiji,Cereal,Offline,C,28-04-2010,275981083,07-05-2010,8683,205.7,117.11,1786093.1,1016866.13,769226.97
South America,Argentina,Office Supplies,Online,C,07-04-2011,484686939,17-04-2011,3082,651.21,524.96,2007029.22,1617926.72,389102.5
Europe,Italy,Personal Care,Offline,C,27-06-2016,108984462,07-07-2016,6922,81.73,56.67,565735.06,392269.74,173465.32
Africa,Libya,Clothes,Online,L,22-04-2014,575004654,23-04-2014,2199,109.28,35.84,240306.72,78812.16,161494.56
Australia and Oceania,New Zealand,Fruits,Online,H,26-03-2013,984781432,02-04-2013,4474,9.33,6.92,41742.42,30960.08,10782.34
Europe,Germany,Personal Care,Offline,C,04-03-2012,363961497,05-03-2012,2001,81.73,56.67,163541.73,113396.67,50145.06
South America,Argentina,Household,Online,L,05-10-2017,182066556,06-10-2017,1053,668.27,502.54,703688.31,529174.62,174513.69
Africa,Egypt,Personal Care,Online,L,08-11-2015,460876301,16-11-2015,2772,81.73,56.67,226555.56,157089.24,69466.32
Australia and Oceania,Fiji,Fruits,Online,M,01-10-2011,927967487,04-10-2011,3893,9.33,6.92,36321.69,26939.56,9382.13
Europe,Germany,Fruits,Online,L,05-09-2016,819343004,06-09-2016,2018,9.33,6.92,18827.94,13964.56,4863.38
North America,Canada,Baby Food,Offline,H,21-01-2016,506428601,23-01-2016,6358,255.28,159.42,1623070.24,1013592.36,609477.88
South America,Chile,Office Supplies,Offline,M,25-02-2015,365364376,26-02-2015,8866,651.21,524.96,5773627.86,4654295.36,1119332.5
Europe,France,Fruits,Online,L,16-09-2017,989581197,22-09-2017,3188,9.33,6.92,29744.04,22060.96,7683.08
South America,Argentina,Clothes,Offline,L,25-12-2013,569807435,31-12-2013,8147,109.28,35.84,890304.16,291988.48,598315.68
Australia and Oceania,New Zealand,Baby Food,Online,L,22-02-2014,309160266,27-02-2014,6730,255.28,159.42,1718034.4,1072896.6,645137.8
Asia,Singapore,Office Supplies,Offline,M,03-06-2011,677304505,05-06-2011,4388,651.21,524.96,2857509.48,2303524.48,553985
Australia and Oceania,Fiji,Snacks,Online,M,22-07-2016,229306201,23-07-2016,1491,152.58,97.44,227496.78,145283.04,82213.74
Africa,Egypt,Beverages,Offline,C,05-04-2016,746611001,07-04-2016,1796,47.45,31.79,85220.2,57094.84,28125.36
South America,Argentina,Personal Care,Online,C,11-05-2010,606809867,12-05-2010,4582,81.73,56.67,374486.86,259661.94,114824.92
Australia and Oceania,Australia,Household,Offline,M,09-01-2014,853013336,10-01-2014,3974,668.27,502.54,2655704.98,1997093.96,658611.02
Africa,Nigeria,Vegetables,Online,H,23-05-2015,822747627,25-05-2015,8615,154.06,90.93,1327226.9,783361.95,543864.95
Australia and Oceania,Fiji,Fruits,Online,M,24-08-2010,402722205,26-08-2010,1387,9.33,6.92,12940.71,9598.04,3342.67
North America,Mexico,Vegetables,Offline,H,05-03-2011,465723012,07-03-2011,7397,154.06,90.93,1139581.82,672609.21,466972.61
Asia,India,Cereal,Offline,L,11-07-2013,397918860,15-07-2013,9633,205.7,117.11,1981508.1,1128120.63,853387.47
Europe,Italy,Cosmetics,Online,M,18-09-2010,241310399,21-09-2010,4449,437.2,263.33,1945102.8,1171555.17,773547.63
Europe,Italy,Baby Food,Offline,M,22-12-2015,441589526,26-12-2015,7210,255.28,159.42,1840568.8,1149418.2,691150.6
Asia,China,Snacks,Online,M,03-10-2010,382870143,06-10-2010,1841,152.58,97.44,280899.78,179387.04,101512.74
Australia and Oceania,Australia,Personal Care,Offline,H,26-01-2015,165312752,27-01-2015,5482,81.73,56.67,448043.86,310664.94,137378.92
Europe,Germany,Cereal,Online,L,24-01-2016,413445065,26-01-2016,1868,205.7,117.11,384247.6,218761.48,165486.12
Australia and Oceania,Fiji,Clothes,Offline,H,06-04-2015,952424820,13-04-2015,9250,109.28,35.84,1010840,331520,679320
North America,Canada,Fruits,Offline,L,17-06-2017,250076726,23-06-2017,2734,9.33,6.92,25508.22,18919.28,6588.94
Australia and Oceania,New Zealand,Beverages,Online,H,21-01-2014,742107124,22-01-2014,1694,47.45,31.79,80380.3,53852.26,26528.04
Asia,India,Personal Care,Offline,L,26-12-2014,212755116,30-12-2014,6132,81.73,56.67,501168.36,347500.44,153667.92
Africa,Nigeria,Personal Care,Offline,L,26-10-2017,500009673,28-10-2017,3913,81.73,56.67,319809.49,221749.71,98059.78
South America,Chile,Beverages,Online,L,11-03-2014,390875732,17-03-2014,2063,47.45,31.79,97889.35,65582.77,32306.58
Europe,Spain,Fruits,Offline,M,14-04-2012,161060588,22-04-2012,6790,9.33,6.92,63350.7,46986.8,16363.9
North America,Canada,Household,Offline,M,14-09-2016,101601551,17-09-2016,799,668.27,502.54,533947.73,401529.46,132418.27
North America,Canada,Cereal,Online,M,10-06-2017,955455678,11-06-2017,5829,205.7,117.11,1199025.3,682634.19,516391.11
Europe,Spain,Baby Food,Online,L,02-09-2014,111702290,12-09-2014,3079,255.28,159.42,786007.12,490854.18,295152.94
Australia and Oceania,Australia,Office Supplies,Online,M,02-03-2013,778251249,06-03-2013,4643,651.21,524.96,3023568.03,2437389.28,586178.75
Australia and Oceania,New Zealand,Household,Offline,C,16-11-2016,817564735,17-11-2016,3233,668.27,502.54,2160516.91,1624711.82,535805.09
Africa,Egypt,Snacks,Offline,C,12-04-2017,336674594,19-04-2017,8792,152.58,97.44,1341483.36,856692.48,484790.88
North America,Canada,Vegetables,Online,C,30-09-2017,755091459,10-10-2017,4876,154.06,90.93,751196.56,443374.68,307821.88
North America,United States,Vegetables,Online,L,20-02-2016,644945704,23-02-2016,7364,154.06,90.93,1134497.84,669608.52,464889.32
Africa,Egypt,Personal Care,Offline,C,22-10-2011,240196980,28-10-2011,9130,81.73,56.67,746194.9,517397.1,228797.8
South America,Argentina,Personal Care,Offline,M,20-04-2015,151167957,27-04-2015,9950,81.73,56.67,813213.5,563866.5,249347
Europe,Germany,Office Supplies,Offline,H,28-12-2012,859095883,30-12-2012,9839,651.21,524.96,6407255.19,5165081.44,1242173.75
Australia and Oceania,Fiji,Vegetables,Online,M,18-02-2010,428333930,27-02-2010,4808,154.06,90.93,740720.48,437191.44,303529.04
North America,Mexico,Clothes,Offline,M,06-01-2013,136995503,08-01-2013,5696,109.28,35.84,622458.88,204144.64,418314.24
North America,United States,Snacks,Offline,C,10-11-2014,176156709,14-11-2014,110,152.58,97.44,16783.8,10718.4,6065.4
South America,Brazil,Snacks,Online,C,27-08-2011,720028718,03-09-2011,3987,152.58,97.44,608336.46,388493.28,219843.18
Australia and Oceania,Fiji,Clothes,Online,H,18-10-2012,300986918,20-10-2012,730,109.28,35.84,79774.4,26163.2,53611.2
North America,United States,Personal Care,Offline,C,29-01-2014,943835310,03-02-2014,4473,81.73,56.67,365578.29,253484.91,112093.38
Australia and Oceania,Fiji,Household,Offline,H,31-12-2012,352366979,09-01-2013,1093,668.27,502.54,730419.11,549276.22,181142.89
Australia and Oceania,New Zealand,Household,Offline,M,04-02-2017,209558493,09-02-2017,414,668.27,502.54,276663.78,208051.56,68612.22
Africa,Libya,Personal Care,Offline,C,11-04-2015,484862196,17-04-2015,9402,81.73,56.67,768425.46,532811.34,235614.12
Asia,India,Household,Offline,C,14-02-2010,120410969,17-02-2010,9976,668.27,502.54,6666661.52,5013339.04,1653322.48
Asia,Japan,Cosmetics,Offline,L,16-01-2015,380850309,18-01-2015,4292,437.2,263.33,1876462.4,1130212.36,746250.04
North America,Mexico,Baby Food,Offline,H,21-08-2014,728530389,30-08-2014,203,255.28,159.42,51821.84,32362.26,19459.58
North America,Canada,Cosmetics,Offline,L,22-04-2014,750306504,29-04-2014,3169,437.2,263.33,1385486.8,834492.77,550994.03
Australia and Oceania,New Zealand,Vegetables,Offline,H,29-04-2017,256141763,03-05-2017,9364,154.06,90.93,1442617.84,851468.52,591149.32
Europe,Spain,Office Supplies,Offline,C,10-07-2012,905558188,13-07-2012,9789,651.21,524.96,6374694.69,5138833.44,1235861.25
North America,Mexico,Snacks,Online,C,04-06-2012,942308018,07-06-2012,9184,152.58,97.44,1401294.72,894888.96,506405.76
Europe,Italy,Personal Care,Offline,L,18-09-2010,533906664,19-09-2010,868,81.73,56.67,70941.64,49189.56,21752.08
Europe,Germany,Household,Online,H,07-06-2013,910702854,11-06-2013,8655,668.27,502.54,5783876.85,4349483.7,1434393.15
Australia and Oceania,New Zealand,Clothes,Online,H,10-07-2011,331274096,15-07-2011,7886,109.28,35.84,861782.08,282634.24,579147.84
Asia,Japan,Household,Offline,L,14-05-2014,418966364,17-05-2014,3874,668.27,502.54,2588877.98,1946839.96,642038.02
Europe,Spain,Office Supplies,Offline,C,02-01-2016,640459542,04-01-2016,5905,651.21,524.96,3845395.05,3099888.8,745506.25
North America,Mexico,Baby Food,Online,L,25-11-2012,766130269,04-12-2012,4206,255.28,159.42,1073707.68,670520.52,403187.16
Australia and Oceania,Australia,Fruits,Online,L,08-11-2014,268072139,10-11-2014,3735,9.33,6.92,34847.55,25846.2,9001.35
Australia and Oceania,Australia,Cosmetics,Offline,L,01-01-2013,294618357,06-01-2013,4925,437.2,263.33,2153210,1296900.25,856309.75
Australia and Oceania,New Zealand,Household,Online,C,24-12-2017,582461104,03-01-2018,8390,668.27,502.54,5606785.3,4216310.6,1390474.7
Asia,China,Beverages,Online,M,02-04-2016,443186895,06-04-2016,1531,47.45,31.79,72645.95,48670.49,23975.46
South America,Chile,Household,Offline,L,23-02-2017,995817772,24-02-2017,3704,668.27,502.54,2475272.08,1861408.16,613863.92
North America,Canada,Office Supplies,Offline,M,24-08-2017,666350155,25-08-2017,8939,651.21,524.96,5821166.19,4692617.44,1128548.75
South America,Argentina,Cosmetics,Offline,M,31-10-2013,968422773,06-11-2013,5457,437.2,263.33,2385800.4,1436991.81,948808.59
Europe,France,Vegetables,Offline,H,31-10-2015,621479599,04-11-2015,8948,154.06,90.93,1378528.88,813641.64,564887.24
Africa,Kenya,Clothes,Offline,L,30-01-2017,504742429,01-02-2017,6053,109.28,35.84,661471.84,216939.52,444532.32
Asia,Singapore,Cereal,Online,H,26-11-2017,370120992,01-12-2017,4140,205.7,117.11,851598,484835.4,366762.6
North America,Canada,Beverages,Online,C,17-05-2012,528754098,27-05-2012,3696,47.45,31.79,175375.2,117495.84,57879.36
South America,Brazil,Vegetables,Offline,H,13-02-2016,166911191,21-02-2016,349,154.06,90.93,53766.94,31734.57,22032.37
South America,Chile,Baby Food,Online,H,12-03-2017,362999198,21-03-2017,223,255.28,159.42,56927.44,35550.66,21376.78
South America,Chile,Household,Online,C,05-04-2017,277453751,14-04-2017,2409,668.27,502.54,1609862.43,1210618.86,399243.57
Europe,France,Fruits,Online,C,27-04-2016,602638203,03-05-2016,3591,9.33,6.92,33504.03,24849.72,8654.31
Europe,Italy,Beverages,Offline,C,14-03-2011,594831039,16-03-2011,450,47.45,31.79,21352.5,14305.5,7047
North America,Mexico,Vegetables,Offline,C,22-05-2014,592259004,01-06-2014,8741,154.06,90.93,1346638.46,794819.13,551819.33
Asia,China,Baby Food,Offline,M,27-03-2014,760262348,01-04-2014,1953,255.28,159.42,498561.84,311347.26,187214.58
Asia,China,Office Supplies,Offline,C,06-04-2017,351824887,16-04-2017,5070,651.21,524.96,3301634.7,2661547.2,640087.5
Australia and Oceania,New Zealand,Vegetables,Online,L,25-10-2010,397219989,30-10-2010,6933,154.06,90.93,1068097.98,630417.69,437680.29
South America,Brazil,Household,Offline,M,12-03-2014,115904661,20-03-2014,7742,668.27,502.54,5173746.34,3890664.68,1283081.66
South America,Brazil,Personal Care,Offline,C,29-03-2011,998687340,02-04-2011,895,81.73,56.67,73148.35,50719.65,22428.7
South America,Argentina,Personal Care,Offline,H,29-04-2014,179293654,01-05-2014,592,81.73,56.67,48384.16,33548.64,14835.52
Europe,Germany,Clothes,Offline,M,29-12-2012,536917548,05-01-2013,7971,109.28,35.84,871070.88,285680.64,585390.24
North America,Mexico,Baby Food,Offline,C,10-02-2013,253850588,13-02-2013,7416,255.28,159.42,1893156.48,1182258.72,710897.76
North America,United States,Snacks,Offline,H,14-02-2011,599453762,15-02-2011,8930,152.58,97.44,1362539.4,870139.2,492400.2
Asia,India,Baby Food,Offline,H,24-01-2013,413145110,27-01-2013,6488,255.28,159.42,1656256.64,1034316.96,621939.68
Africa,Kenya,Vegetables,Offline,C,13-09-2010,695107468,19-09-2010,1130,154.06,90.93,174087.8,102750.9,71336.9
Australia and Oceania,Fiji,Baby Food,Online,L,14-12-2017,277709119,20-12-2017,1855,255.28,159.42,473544.4,295724.1,177820.3
North America,Mexico,Clothes,Online,H,02-07-2013,283668958,03-07-2013,6053,109.28,35.84,661471.84,216939.52,444532.32
North America,Canada,Office Supplies,Offline,H,29-08-2015,881823194,31-08-2015,6517,651.21,524.96,4243935.57,3421164.32,822771.25
Asia,Singapore,Cosmetics,Offline,L,07-01-2016,822363299,13-01-2016,6882,437.2,263.33,3008810.4,1812237.06,1196573.34
Australia and Oceania,Australia,Beverages,Offline,M,03-01-2013,499724218,11-01-2013,797,47.45,31.79,37817.65,25336.63,12481.02
Europe,Spain,Personal Care,Online,H,26-07-2014,159286555,30-07-2014,429,81.73,56.67,35062.17,24311.43,10750.74
South America,Brazil,Office Supplies,Offline,L,17-11-2016,695003136,27-11-2016,8265,651.21,524.96,5382250.65,4338794.4,1043456.25
Africa,Nigeria,Vegetables,Online,M,26-09-2016,317094536,04-10-2016,7748,154.06,90.93,1193656.88,704525.64,489131.24
South America,Argentina,Cosmetics,Offline,L,15-10-2014,338089794,25-10-2014,6916,437.2,263.33,3023675.2,1821190.28,1202484.92
Asia,China,Fruits,Offline,L,09-01-2017,666246076,10-01-2017,7366,9.33,6.92,68724.78,50972.72,17752.06
South America,Chile,Fruits,Online,L,29-03-2011,197242326,07-04-2011,4797,9.33,6.92,44756.01,33195.24,11560.77
Australia and Oceania,New Zealand,Personal Care,Offline,M,08-08-2017,124733512,12-08-2017,740,81.73,56.67,60480.2,41935.8,18544.4
Australia and Oceania,Fiji,Clothes,Online,H,02-10-2015,634915402,07-10-2015,5388,109.28,35.84,588800.64,193105.92,395694.72
North America,Mexico,Snacks,Offline,H,21-11-2016,841610229,23-11-2016,8349,152.58,97.44,1273890.42,813526.56,460363.86
Asia,China,Snacks,Online,H,27-07-2014,672052349,31-07-2014,9393,152.58,97.44,1433183.94,915253.92,517930.02
Africa,Nigeria,Fruits,Offline,M,16-07-2014,733674269,20-07-2014,444,9.33,6.92,4142.52,3072.48,1070.04
Australia and Oceania,Fiji,Cereal,Online,C,21-10-2011,425607042,22-10-2011,8558,205.7,117.11,1760380.6,1002227.38,758153.22
South America,Brazil,Clothes,Offline,M,10-11-2013,420533666,18-11-2013,1412,109.28,35.84,154303.36,50606.08,103697.28
South America,Argentina,Personal Care,Offline,H,26-11-2014,593843088,29-11-2014,6001,81.73,56.67,490461.73,340076.67,150385.06
Africa,Kenya,Household,Offline,C,27-05-2014,592102115,29-05-2014,1906,668.27,502.54,1273722.62,957841.24,315881.38
South America,Chile,Personal Care,Online,C,22-09-2012,326665189,26-09-2012,6044,81.73,56.67,493976.12,342513.48,151462.64
Africa,Kenya,Snacks,Online,L,03-05-2015,661930085,12-05-2015,2880,152.58,97.44,439430.4,280627.2,158803.2
Europe,Spain,Baby Food,Online,L,20-04-2012,320874981,25-04-2012,5498,255.28,159.42,1403529.44,876491.16,527038.28
Europe,Italy,Fruits,Online,M,12-02-2012,188706624,13-02-2012,7031,9.33,6.92,65599.23,48654.52,16944.71
Australia and Oceania,Fiji,Baby Food,Offline,L,01-01-2015,939056223,08-01-2015,3823,255.28,159.42,975935.44,609462.66,366472.78
Asia,Japan,Household,Online,H,03-11-2015,388452201,10-11-2015,251,668.27,502.54,167735.77,126137.54,41598.23
Africa,Kenya,Cosmetics,Offline,C,15-03-2011,317022190,19-03-2011,3271,437.2,263.33,1430081.2,861352.43,568728.77
North America,United States,Beverages,Offline,C,20-07-2013,672434070,21-07-2013,3700,47.45,31.79,175565,117623,57942
Australia and Oceania,Fiji,Snacks,Offline,C,18-02-2011,440547959,26-02-2011,837,152.58,97.44,127709.46,81557.28,46152.18
North America,United States,Cosmetics,Offline,M,11-06-2010,833706883,17-06-2010,6441,437.2,263.33,2816005.2,1696108.53,1119896.67
Australia and Oceania,Australia,Snacks,Online,H,01-10-2015,947206994,03-10-2015,1129,152.58,97.44,172262.82,110009.76,62253.06
Asia,China,Cereal,Offline,L,19-07-2015,238006330,24-07-2015,6419,205.7,117.11,1320388.3,751729.09,568659.21
Africa,Egypt,Personal Care,Offline,M,16-06-2012,743151033,18-06-2012,9855,81.73,56.67,805449.15,558482.85,246966.3
South America,Brazil,Personal Care,Offline,H,28-01-2012,211204559,01-02-2012,9224,81.73,56.67,753877.52,522724.08,231153.44
South America,Brazil,Household,Online,H,29-09-2013,944228615,05-10-2013,2371,668.27,502.54,1584468.17,1191522.34,392945.83
Asia,Japan,Baby Food,Online,H,14-11-2013,967489256,20-11-2013,5218,255.28,159.42,1332051.04,831853.56,500197.48
South America,Chile,Fruits,Online,H,01-12-2012,447597446,09-12-2012,6398,9.33,6.92,59693.34,44274.16,15419.18
Asia,Japan,Cosmetics,Offline,H,12-05-2015,921947953,13-05-2015,362,437.2,263.33,158266.4,95325.46,62940.94
Europe,France,Fruits,Offline,M,05-02-2014,358352739,06-02-2014,9496,9.33,6.92,88597.68,65712.32,22885.36
Asia,Singapore,Vegetables,Offline,M,28-07-2013,166660078,07-08-2013,4994,154.06,90.93,769375.64,454104.42,315271.22
Asia,Japan,Cosmetics,Offline,H,03-10-2015,896652805,11-10-2015,3186,437.2,263.33,1392919.2,838969.38,553949.82
Asia,Singapore,Cosmetics,Offline,H,13-07-2015,280750692,21-07-2015,6401,437.2,263.33,2798517.2,1685575.33,1112941.87
South America,Chile,Beverages,Online,H,27-08-2014,122165049,28-08-2014,4089,47.45,31.79,194023.05,129989.31,64033.74
Asia,Japan,Snacks,Online,C,24-09-2015,991629825,04-10-2015,657,152.58,97.44,100245.06,64018.08,36226.98
Asia,Japan,Office Supplies,Offline,M,01-04-2014,326270703,06-04-2014,1830,651.21,524.96,1191714.3,960676.8,231037.5
South America,Chile,Cereal,Online,C,29-03-2012,954686064,07-04-2012,629,205.7,117.11,129385.3,73662.19,55723.11
Asia,India,Cosmetics,Online,H,15-03-2013,373935998,21-03-2013,4804,437.2,263.33,2100308.8,1265037.32,835271.48
Asia,Japan,Vegetables,Online,C,02-08-2014,674244809,07-08-2014,1417,154.06,90.93,218303.02,128847.81,89455.21
Australia and Oceania,Australia,Fruits,Online,C,01-10-2015,925903249,05-10-2015,4704,9.33,6.92,43888.32,32551.68,11336.64
Europe,Spain,Fruits,Online,M,22-06-2013,463401536,24-06-2013,9433,9.33,6.92,88009.89,65276.36,22733.53
Europe,Italy,Cereal,Offline,H,25-04-2011,947844533,27-04-2011,6055,205.7,117.11,1245513.5,709101.05,536412.45
Africa,Kenya,Baby Food,Offline,H,26-02-2012,935443659,06-03-2012,7493,255.28,159.42,1912813.04,1194534.06,718278.98
North America,Mexico,Personal Care,Online,M,24-10-2016,877211835,27-10-2016,1399,81.73,56.67,114340.27,79281.33,35058.94
North America,United States,Baby Food,Offline,C,15-05-2012,169366821,22-05-2012,8637,255.28,159.42,2204853.36,1376910.54,827942.82
North America,Mexico,Personal Care,Online,H,12-05-2010,445509470,20-05-2010,1348,81.73,56.67,110172.04,76391.16,33780.88
Africa,Kenya,Cosmetics,Offline,L,19-10-2011,873237363,28-10-2011,6221,437.2,263.33,2719821.2,1638175.93,1081645.27
South America,Chile,Cosmetics,Offline,M,23-11-2016,378288834,30-11-2016,4805,437.2,263.33,2100746,1265300.65,835445.35
Africa,Nigeria,Fruits,Offline,M,05-03-2017,687887819,10-03-2017,3847,9.33,6.92,35892.51,26621.24,9271.27
Europe,Italy,Personal Care,Offline,C,30-07-2013,623331544,04-08-2013,7630,81.73,56.67,623599.9,432392.1,191207.8
South America,Argentina,Beverages,Online,M,16-08-2013,660177150,20-08-2013,3470,47.45,31.79,164651.5,110311.3,54340.2
Australia and Oceania,New Zealand,Cosmetics,Offline,H,12-04-2011,765572362,15-04-2011,9065,437.2,263.33,3963218,2387086.45,1576131.55
South America,Chile,Cosmetics,Online,L,11-07-2012,399962396,21-07-2012,5716,437.2,263.33,2499035.2,1505194.28,993840.92
Africa,Nigeria,Personal Care,Offline,C,11-01-2011,526685259,13-01-2011,9627,81.73,56.67,786814.71,545562.09,241252.62
Australia and Oceania,Australia,Fruits,Online,C,02-01-2012,939207639,03-01-2012,4437,9.33,6.92,41397.21,30704.04,10693.17
South America,Argentina,Beverages,Online,H,04-03-2015,434989857,13-03-2015,5399,47.45,31.79,256182.55,171634.21,84548.34
Africa,Libya,Snacks,Online,C,24-04-2015,952459694,28-04-2015,7986,152.58,97.44,1218503.88,778155.84,440348.04
Asia,Singapore,Cosmetics,Online,C,21-02-2012,321667670,02-03-2012,2120,437.2,263.33,926864,558259.6,368604.4
South America,Argentina,Cosmetics,Online,M,29-12-2013,933744275,02-01-2014,8470,437.2,263.33,3703084,2230405.1,1472678.9
North America,United States,Fruits,Online,C,07-04-2015,894020657,12-04-2015,6982,9.33,6.92,65142.06,48315.44,16826.62
Africa,Libya,Snacks,Online,M,20-09-2016,868818472,22-09-2016,1053,152.58,97.44,160666.74,102604.32,58062.42
Africa,Nigeria,Vegetables,Offline,H,26-01-2016,484652231,30-01-2016,826,154.06,90.93,127253.56,75108.18,52145.38
Europe,France,Snacks,Online,M,13-09-2010,313428955,23-09-2010,763,152.58,97.44,116418.54,74346.72,42071.82
North America,United States,Personal Care,Online,H,23-09-2014,554913725,25-09-2014,6149,81.73,56.67,502557.77,348463.83,154093.94
North America,United States,Baby Food,Online,H,11-05-2014,836237156,15-05-2014,9621,255.28,159.42,2456048.88,1533779.82,922269.06
Africa,Libya,Cereal,Offline,C,07-12-2017,585777698,09-12-2017,5747,205.7,117.11,1182157.9,673031.17,509126.73
Africa,Libya,Snacks,Offline,C,24-01-2011,393082522,01-02-2011,4437,152.58,97.44,676997.46,432341.28,244656.18
South America,Brazil,Baby Food,Online,M,12-11-2016,618787759,15-11-2016,3970,255.28,159.42,1013461.6,632897.4,380564.2
Asia,Singapore,Office Supplies,Offline,H,07-11-2010,853278885,12-11-2010,5060,651.21,524.96,3295122.6,2656297.6,638825
North America,Canada,Household,Online,C,30-12-2012,624853266,09-01-2013,363,668.27,502.54,242582.01,182422.02,60159.99
Europe,France,Snacks,Online,H,16-02-2011,952352092,23-02-2011,3221,152.58,97.44,491460.18,313854.24,177605.94
Asia,China,Clothes,Offline,C,06-01-2012,238458856,13-01-2012,186,109.28,35.84,20326.08,6666.24,13659.84
Asia,Japan,Beverages,Offline,L,16-03-2011,589738781,19-03-2011,2427,47.45,31.79,115161.15,77154.33,38006.82
Australia and Oceania,Fiji,Beverages,Online,L,18-08-2012,333197627,27-08-2012,4573,47.45,31.79,216988.85,145375.67,71613.18
Africa,Libya,Cereal,Online,L,21-05-2016,709591122,26-05-2016,7591,205.7,117.11,1561468.7,888982.01,672486.69
South America,Brazil,Fruits,Offline,L,23-03-2015,928906252,25-03-2015,6408,9.33,6.92,59786.64,44343.36,15443.28
Australia and Oceania,Australia,Personal Care,Online,C,07-08-2017,694129892,17-08-2017,5356,81.73,56.67,437745.88,303524.52,134221.36
Africa,Egypt,Household,Online,M,20-09-2015,285371042,25-09-2015,7055,668.27,502.54,4714644.85,3545419.7,1169225.15
Europe,Spain,Household,Offline,H,01-09-2015,152778370,02-09-2015,3296,668.27,502.54,2202617.92,1656371.84,546246.08
Australia and Oceania,New Zealand,Vegetables,Online,L,01-05-2011,136396651,06-05-2011,7733,154.06,90.93,1191345.98,703161.69,488184.29
Australia and Oceania,Australia,Personal Care,Offline,C,01-09-2010,498537276,05-09-2010,5232,81.73,56.67,427611.36,296497.44,131113.92
Europe,Spain,Office Supplies,Offline,L,04-03-2010,825954935,14-03-2010,1614,651.21,524.96,1051052.94,847285.44,203767.5
South America,Argentina,Fruits,Offline,M,19-09-2013,781590811,25-09-2013,6142,9.33,6.92,57304.86,42502.64,14802.22
Australia and Oceania,Fiji,Beverages,Offline,C,18-03-2017,775069061,19-03-2017,2617,47.45,31.79,124176.65,83194.43,40982.22
Asia,Singapore,Clothes,Online,L,24-09-2016,650607674,03-10-2016,5408,109.28,35.84,590986.24,193822.72,397163.52
Australia and Oceania,Australia,Fruits,Offline,H,31-01-2013,946680366,05-02-2013,7446,9.33,6.92,69471.18,51526.32,17944.86
North America,United States,Cosmetics,Offline,L,09-05-2014,519943966,10-05-2014,7569,437.2,263.33,3309166.8,1993144.77,1316022.03
North America,Mexico,Personal Care,Offline,L,10-05-2016,857811904,16-05-2016,1872,81.73,56.67,152998.56,106086.24,46912.32
Asia,China,Fruits,Online,H,24-06-2017,617097203,01-07-2017,9028,9.33,6.92,84231.24,62473.76,21757.48
Asia,Singapore,Vegetables,Offline,C,16-10-2015,111425865,25-10-2015,2115,154.06,90.93,325836.9,192316.95,133519.95
South America,Argentina,Baby Food,Offline,C,31-01-2017,786079419,05-02-2017,7963,255.28,159.42,2032794.64,1269461.46,763333.18
Europe,France,Cereal,Online,H,03-10-2017,299700691,07-10-2017,9902,205.7,117.11,2036841.4,1159623.22,877218.18
Africa,Kenya,Beverages,Offline,H,28-03-2013,773852200,05-04-2013,5221,47.45,31.79,247736.45,165975.59,81760.86
South America,Argentina,Fruits,Online,C,15-10-2013,969323437,18-10-2013,3500,9.33,6.92,32655,24220,8435
Europe,Germany,Office Supplies,Offline,L,25-09-2014,444655326,30-09-2014,1559,651.21,524.96,1015236.39,818412.64,196823.75
Africa,Libya,Baby Food,Online,M,11-04-2013,421768884,19-04-2013,3483,255.28,159.42,889140.24,555259.86,333880.38
Africa,Libya,Beverages,Online,C,03-06-2010,333331901,06-06-2010,7927,47.45,31.79,376136.15,251999.33,124136.82
Europe,Germany,Cosmetics,Offline,M,14-12-2015,370303033,19-12-2015,3905,437.2,263.33,1707266,1028303.65,678962.35
Asia,Singapore,Fruits,Online,M,11-12-2011,797232567,21-12-2011,1194,9.33,6.92,11140.02,8262.48,2877.54
Africa,Egypt,Cereal,Online,H,17-05-2012,325492513,23-05-2012,1513,205.7,117.11,311224.1,177187.43,134036.67
Africa,Egypt,Household,Online,M,10-04-2012,330945320,20-04-2012,3722,668.27,502.54,2487300.94,1870453.88,616847.06
Europe,Germany,Personal Care,Offline,C,30-11-2010,693950205,01-12-2010,1951,81.73,56.67,159455.23,110563.17,48892.06
North America,Mexico,Vegetables,Online,L,07-07-2014,923382177,09-07-2014,4106,154.06,90.93,632570.36,373358.58,259211.78
Asia,Japan,Clothes,Offline,H,27-06-2014,251852079,03-07-2014,3757,109.28,35.84,410564.96,134650.88,275914.08
Australia and Oceania,Fiji,Baby Food,Offline,C,31-03-2014,801414521,08-04-2014,3019,255.28,159.42,770690.32,481288.98,289401.34
North America,Canada,Snacks,Offline,H,01-07-2011,175663376,02-07-2011,9905,152.58,97.44,1511304.9,965143.2,546161.7
Europe,France,Personal Care,Online,M,04-05-2017,809763249,06-05-2017,9250,81.73,56.67,756002.5,524197.5,231805
South America,Chile,Snacks,Offline,M,19-12-2014,677725985,24-12-2014,7773,152.58,97.44,1186004.34,757401.12,428603.22
North America,Mexico,Beverages,Offline,H,30-09-2013,206960710,03-10-2013,7367,47.45,31.79,349564.15,234196.93,115367.22
South America,Argentina,Snacks,Offline,H,15-11-2010,955266141,21-11-2010,7493,152.58,97.44,1143281.94,730117.92,413164.02
South America,Brazil,Vegetables,Online,C,06-11-2012,268057500,11-11-2012,9358,154.06,90.93,1441693.48,850922.94,590770.54
North America,Mexico,Baby Food,Online,L,21-01-2012,789126300,30-01-2012,1655,255.28,159.42,422488.4,263840.1,158648.3
Asia,Singapore,Baby Food,Offline,C,17-03-2016,420534416,23-03-2016,6138,255.28,159.42,1566908.64,978519.96,588388.68
Australia and Oceania,New Zealand,Vegetables,Offline,H,24-07-2013,468804085,01-08-2013,7608,154.06,90.93,1172088.48,691795.44,480293.04
Australia and Oceania,Australia,Fruits,Online,H,16-05-2012,698093433,26-05-2012,6772,9.33,6.92,63182.76,46862.24,16320.52
Europe,Italy,Vegetables,Online,L,07-02-2015,932124234,11-02-2015,8075,154.06,90.93,1244034.5,734259.75,509774.75
South America,Argentina,Household,Offline,M,21-08-2011,392125276,26-08-2011,8487,668.27,502.54,5671607.49,4265056.98,1406550.51
Asia,China,Vegetables,Online,C,11-07-2014,231660821,18-07-2014,8842,154.06,90.93,1362198.52,804003.06,558195.46
South America,Brazil,Vegetables,Online,C,20-02-2017,869589905,23-02-2017,9555,154.06,90.93,1472043.3,868836.15,603207.15
North America,Canada,Cosmetics,Offline,H,05-06-2013,508202386,06-06-2013,2794,437.2,263.33,1221536.8,735744.02,485792.78
Africa,Egypt,Baby Food,Online,H,15-03-2017,832265677,18-03-2017,8072,255.28,159.42,2060620.16,1286838.24,773781.92
Africa,Kenya,Office Supplies,Offline,H,01-09-2015,183622991,03-09-2015,1440,651.21,524.96,937742.4,755942.4,181800
South America,Chile,Vegetables,Online,M,24-08-2014,750833732,29-08-2014,6830,154.06,90.93,1052229.8,621051.9,431177.9
Africa,Egypt,Beverages,Online,L,14-07-2011,494969770,23-07-2011,7462,47.45,31.79,354071.9,237216.98,116854.92
Africa,Nigeria,Baby Food,Offline,M,08-12-2014,597104954,09-12-2014,297,255.28,159.42,75818.16,47347.74,28470.42
Europe,Germany,Baby Food,Online,M,19-01-2010,540870314,23-01-2010,6454,255.28,159.42,1647577.12,1028896.68,618680.44
Asia,Singapore,Office Supplies,Offline,H,06-12-2011,710353752,12-12-2011,2121,651.21,524.96,1381216.41,1113440.16,267776.25
South America,Argentina,Household,Offline,L,12-07-2013,712652249,17-07-2013,7441,668.27,502.54,4972597.07,3739400.14,1233196.93
Australia and Oceania,Fiji,Personal Care,Online,H,02-05-2013,767897366,11-05-2013,5103,81.73,56.67,417068.19,289187.01,127881.18
Asia,Japan,Beverages,Offline,H,11-07-2016,892231121,19-07-2016,2630,47.45,31.79,124793.5,83607.7,41185.8
Asia,Singapore,Household,Online,H,14-08-2012,483598419,15-08-2012,6133,668.27,502.54,4098499.91,3082077.82,1016422.09
Asia,China,Snacks,Offline,C,02-12-2013,415763722,12-12-2013,4569,152.58,97.44,697138.02,445203.36,251934.66
Europe,France,Office Supplies,Online,C,24-09-2017,101764509,30-09-2017,6053,651.21,524.96,3941774.13,3177582.88,764191.25
Africa,Egypt,Cereal,Offline,L,16-12-2010,759390595,18-12-2010,6058,205.7,117.11,1246130.6,709452.38,536678.22
South America,Chile,Clothes,Offline,H,26-04-2014,527123798,06-05-2014,2240,109.28,35.84,244787.2,80281.6,164505.6
North America,United States,Cosmetics,Offline,L,24-01-2017,240454041,30-01-2017,4721,437.2,263.33,2064021.2,1243180.93,820840.27
South America,Argentina,Beverages,Online,L,11-03-2013,946807334,13-03-2013,9594,47.45,31.79,455235.3,304993.26,150242.04
North America,United States,Baby Food,Offline,H,27-09-2016,635309208,30-09-2016,3666,255.28,159.42,935856.48,584433.72,351422.76
South America,Chile,Office Supplies,Online,M,16-06-2016,651326296,25-06-2016,7411,651.21,524.96,4826117.31,3890478.56,935638.75
Europe,Germany,Beverages,Offline,M,18-10-2015,897984371,26-10-2015,215,47.45,31.79,10201.75,6834.85,3366.9
Australia and Oceania,Australia,Personal Care,Online,M,02-06-2015,433527139,03-06-2015,3119,81.73,56.67,254915.87,176753.73,78162.14
Africa,Libya,Beverages,Offline,H,24-06-2011,167012672,01-07-2011,9809,47.45,31.79,465437.05,311828.11,153608.94
Europe,Italy,Personal Care,Offline,L,10-08-2016,814725905,16-08-2016,2403,81.73,56.67,196397.19,136178.01,60219.18
Europe,Spain,Beverages,Offline,L,09-07-2017,149882823,12-07-2017,8912,47.45,31.79,422874.4,283312.48,139561.92
North America,Canada,Snacks,Online,C,27-03-2012,563624904,29-03-2012,7649,152.58,97.44,1167084.42,745318.56,421765.86
Australia and Oceania,Australia,Fruits,Online,H,18-03-2012,283603767,24-03-2012,8278,9.33,6.92,77233.74,57283.76,19949.98
North America,Mexico,Vegetables,Offline,C,07-11-2013,495646539,11-11-2013,2506,154.06,90.93,386074.36,227870.58,158203.78
Australia and Oceania,New Zealand,Cosmetics,Online,L,08-10-2011,133085345,16-10-2011,6727,437.2,263.33,2941044.4,1771420.91,1169623.49
South America,Chile,Vegetables,Offline,H,02-05-2017,322071615,11-05-2017,5654,154.06,90.93,871055.24,514118.22,356937.02
Africa,Egypt,Beverages,Offline,C,19-06-2010,951656202,22-06-2010,7589,47.45,31.79,360098.05,241254.31,118843.74
South America,Argentina,Fruits,Online,H,25-06-2015,835393000,29-06-2015,9238,9.33,6.92,86190.54,63926.96,22263.58
South America,Brazil,Beverages,Offline,M,20-08-2017,166345963,25-08-2017,3017,47.45,31.79,143156.65,95910.43,47246.22
Africa,Kenya,Baby Food,Offline,M,19-03-2016,306898520,24-03-2016,1384,255.28,159.42,353307.52,220637.28,132670.24
South America,Chile,Snacks,Offline,H,25-01-2015,804040788,28-01-2015,8821,152.58,97.44,1345908.18,859518.24,486389.94
Australia and Oceania,New Zealand,Beverages,Online,C,01-10-2015,532906180,07-10-2015,5086,47.45,31.79,241330.7,161683.94,79646.76
Australia and Oceania,New Zealand,Baby Food,Online,L,19-07-2010,176031262,28-07-2010,5872,255.28,159.42,1499004.16,936114.24,562889.92
Africa,Libya,Cereal,Online,L,12-03-2015,339033873,16-03-2015,9281,205.7,117.11,1909101.7,1086897.91,822203.79
Europe,Spain,Clothes,Online,L,08-06-2012,562480491,17-06-2012,9402,109.28,35.84,1027450.56,336967.68,690482.88
Africa,Kenya,Beverages,Online,H,02-03-2014,677017098,12-03-2014,8519,47.45,31.79,404226.55,270819.01,133407.54
South America,Chile,Clothes,Online,H,22-02-2010,829986120,23-02-2010,3934,109.28,35.84,429907.52,140994.56,288912.96
Asia,Singapore,Cereal,Online,L,16-09-2015,852477691,22-09-2015,1749,205.7,117.11,359769.3,204825.39,154943.91
Europe,Italy,Office Supplies,Online,M,21-10-2015,548102763,29-10-2015,4340,651.21,524.96,2826251.4,2278326.4,547925
